[{"model": "optionnelles.promotion", "pk": 1, "fields": {"nom": "M1"}}, {"model": "optionnelles.promotion", "pk": 2, "fields": {"nom": "M2"}}, {"model": "optionnelles.parcours", "pk": 1, "fields": {"nom": "M1 MIAGE Stage", "promotion": 1}}, {"model": "optionnelles.parcours", "pk": 2, "fields": {"nom": "M1 MIAGE Alternance", "promotion": 1}}, {"model": "optionnelles.parcours", "pk": 3, "fields": {"nom": "M2 OSIE", "promotion": 2}}, {"model": "optionnelles.parcours", "pk": 4, "fields": {"nom": "M2 SID", "promotion": 2}}, {"model": "optionnelles.parcours", "pk": 5, "fields": {"nom": "M2 SIO", "promotion": 2}}, {"model": "optionnelles.parcours", "pk": 6, "fields": {"nom": "M2 SIS", "promotion": 2}}, {"model": "optionnelles.parcours", "pk": 7, "fields": {"nom": "M2 INE", "promotion": 2}}, {"model": "optionnelles.typepole", "pk": 1, "fields": {"nom": "Comp\u00e9tences en Ing\u00e9nierie des SI"}}, {"model": "optionnelles.typepole", "pk": 2, "fields": {"nom": "Comp\u00e9tences en Informatique"}}, {"model": "optionnelles.typepole", "pk": 3, "fields": {"nom": "Comp\u00e9tences en Gestion"}}, {"model": "optionnelles.typepole", "pk": 4, "fields": {"nom": "Domaine d application"}}, {"model": "optionnelles.typepole", "pk": 5, "fields": {"nom": "Comp\u00e9tences Transverses"}}, {"model": "optionnelles.typepole", "pk": 6, "fields": {"nom": "Professionnalisation"}}, {"model": "optionnelles.typepole", "pk": 7, "fields": {"nom": "eSant\u00e9"}}, {"model": "optionnelles.semestre", "pk": 1, "fields": {"nom": "Semestre 1", "diminutif": "S1"}}, {"model": "optionnelles.semestre", "pk": 2, "fields": {"nom": "Semestre 2", "diminutif": "S2"}}, {"model": "optionnelles.semestre", "pk": 3, "fields": {"nom": "Annuel", "diminutif": "AN"}}, {"model": "optionnelles.pole", "pk": 1, "fields": {"nom": "M1 MIAGE Comp\u00e9tences en Ing\u00e9nierie des SI", "a_choisir_dans_pole": 2, "parcours": 1, "typePole": 1}}, {"model": "optionnelles.pole", "pk": 2, "fields": {"nom": "M1 MIAGE Comp\u00e9tences en Informatique", "a_choisir_dans_pole": 2, "parcours": 1, "typePole": 2}}, {"model": "optionnelles.pole", "pk": 3, "fields": {"nom": "M1 MIAGE Domaine dapplication", "a_choisir_dans_pole": 2, "parcours": 1, "typePole": 4}}, {"model": "optionnelles.pole", "pk": 4, "fields": {"nom": "M1 MIAGE Comp\u00e9tences Transverses", "a_choisir_dans_pole": 2, "parcours": 1, "typePole": 5}}, {"model": "optionnelles.pole", "pk": 5, "fields": {"nom": "M1 MIAGE Professionnalisation", "a_choisir_dans_pole": 2, "parcours": 1, "typePole": 6}}, {"model": "optionnelles.pole", "pk": 6, "fields": {"nom": "M1 MIAGE Comp\u00e9tences en Ing\u00e9nierie des SI", "a_choisir_dans_pole": 2, "parcours": 2, "typePole": 1}}, {"model": "optionnelles.pole", "pk": 7, "fields": {"nom": "M1 MIAGE Comp\u00e9tences en Informatique", "a_choisir_dans_pole": 2, "parcours": 2, "typePole": 2}}, {"model": "optionnelles.pole", "pk": 8, "fields": {"nom": "M1 MIAGE Domaine dapplication", "a_choisir_dans_pole": 2, "parcours": 2, "typePole": 4}}, {"model": "optionnelles.pole", "pk": 9, "fields": {"nom": "M1 MIAGE Comp\u00e9tences Transverses", "a_choisir_dans_pole": 2, "parcours": 2, "typePole": 5}}, {"model": "optionnelles.pole", "pk": 10, "fields": {"nom": "M1 MIAGE Professionnalisation", "a_choisir_dans_pole": 2, "parcours": 2, "typePole": 6}}, {"model": "optionnelles.pole", "pk": 11, "fields": {"nom": "M2 OSIE Comp\u00e9tences en Ing\u00e9nierie des SI", "a_choisir_dans_pole": 2, "parcours": 3, "typePole": 1}}, {"model": "optionnelles.pole", "pk": 12, "fields": {"nom": "M2 OSIE Comp\u00e9tences en Informatique", "a_choisir_dans_pole": 2, "parcours": 3, "typePole": 2}}, {"model": "optionnelles.pole", "pk": 13, "fields": {"nom": "M2 OSIE Comp\u00e9tences en Gestion", "a_choisir_dans_pole": 2, "parcours": 3, "typePole": 3}}, {"model": "optionnelles.pole", "pk": 14, "fields": {"nom": "M2 OSIE Comp\u00e9tences Transverses", "a_choisir_dans_pole": 2, "parcours": 3, "typePole": 5}}, {"model": "optionnelles.pole", "pk": 15, "fields": {"nom": "M2 OSIE Professionnalisation", "a_choisir_dans_pole": 2, "parcours": 3, "typePole": 6}}, {"model": "optionnelles.pole", "pk": 16, "fields": {"nom": "M2 SID Comp\u00e9tences en Ing\u00e9nierie des SI", "a_choisir_dans_pole": 2, "parcours": 4, "typePole": 1}}, {"model": "optionnelles.pole", "pk": 17, "fields": {"nom": "M2 SID Comp\u00e9tences en Informatique", "a_choisir_dans_pole": 2, "parcours": 4, "typePole": 2}}, {"model": "optionnelles.pole", "pk": 18, "fields": {"nom": "M2 SID Comp\u00e9tences en Gestion", "a_choisir_dans_pole": 2, "parcours": 4, "typePole": 3}}, {"model": "optionnelles.pole", "pk": 19, "fields": {"nom": "M2 SID Comp\u00e9tences Transverses", "a_choisir_dans_pole": 2, "parcours": 4, "typePole": 5}}, {"model": "optionnelles.pole", "pk": 20, "fields": {"nom": "M2 SID Professionnalisation", "a_choisir_dans_pole": 2, "parcours": 4, "typePole": 6}}, {"model": "optionnelles.pole", "pk": 21, "fields": {"nom": "M2 SIO Comp\u00e9tences en Ing\u00e9nierie des SI", "a_choisir_dans_pole": 2, "parcours": 5, "typePole": 1}}, {"model": "optionnelles.pole", "pk": 22, "fields": {"nom": "M2 SIO Comp\u00e9tences en Informatique", "a_choisir_dans_pole": 2, "parcours": 5, "typePole": 2}}, {"model": "optionnelles.pole", "pk": 23, "fields": {"nom": "M2 SIO Comp\u00e9tences en Gestion", "a_choisir_dans_pole": 2, "parcours": 5, "typePole": 3}}, {"model": "optionnelles.pole", "pk": 24, "fields": {"nom": "M2 SIO Comp\u00e9tences Transverses", "a_choisir_dans_pole": 2, "parcours": 5, "typePole": 5}}, {"model": "optionnelles.pole", "pk": 25, "fields": {"nom": "M2 SIO Professionnalisation", "a_choisir_dans_pole": 2, "parcours": 5, "typePole": 6}}, {"model": "optionnelles.pole", "pk": 26, "fields": {"nom": "M2 SIS Comp\u00e9tences en Ing\u00e9nierie des SI", "a_choisir_dans_pole": 2, "parcours": 6, "typePole": 1}}, {"model": "optionnelles.pole", "pk": 27, "fields": {"nom": "M2 SIS Comp\u00e9tences en Informatique", "a_choisir_dans_pole": 2, "parcours": 6, "typePole": 2}}, {"model": "optionnelles.pole", "pk": 28, "fields": {"nom": "M2 SIS Comp\u00e9tences Transverses", "a_choisir_dans_pole": 2, "parcours": 6, "typePole": 5}}, {"model": "optionnelles.pole", "pk": 29, "fields": {"nom": "M2 SIS eSant\u00e9", "a_choisir_dans_pole": 2, "parcours": 6, "typePole": 7}}, {"model": "optionnelles.pole", "pk": 30, "fields": {"nom": "M2 SIS Professionnalisation", "a_choisir_dans_pole": 2, "parcours": 6, "typePole": 6}}, {"model": "optionnelles.pole", "pk": 31, "fields": {"nom": "M2 INE Comp\u00e9tence en Ing\u00e9nierie des SI", "a_choisir_dans_pole": 2, "parcours": 7, "typePole": 1}}, {"model": "optionnelles.pole", "pk": 32, "fields": {"nom": "M2 INE Professionnalisation", "a_choisir_dans_pole": 2, "parcours": 7, "typePole": 6}}, {"model": "optionnelles.pole_par_semestre", "pk": 1, "fields": {"semestre": 2, "pole": 1, "nombre_options": 3}}, {"model": "optionnelles.pole_par_semestre", "pk": 2, "fields": {"semestre": 3, "pole": 1, "nombre_options": 0}}, {"model": "optionnelles.pole_par_semestre", "pk": 3, "fields": {"semestre": 1, "pole": 2, "nombre_options": 2}}, {"model": "optionnelles.pole_par_semestre", "pk": 4, "fields": {"semestre": 2, "pole": 2, "nombre_options": 4}}, {"model": "optionnelles.pole_par_semestre", "pk": 5, "fields": {"semestre": 1, "pole": 3, "nombre_options": 0}}, {"model": "optionnelles.pole_par_semestre", "pk": 6, "fields": {"semestre": 2, "pole": 3, "nombre_options": 3}}, {"model": "optionnelles.pole_par_semestre", "pk": 7, "fields": {"semestre": 1, "pole": 4, "nombre_options": 2}}, {"model": "optionnelles.pole_par_semestre", "pk": 8, "fields": {"semestre": 2, "pole": 4, "nombre_options": 3}}, {"model": "optionnelles.pole_par_semestre", "pk": 9, "fields": {"semestre": 3, "pole": 5, "nombre_options": 0}}, {"model": "optionnelles.pole_par_semestre", "pk": 10, "fields": {"semestre": 2, "pole": 6, "nombre_options": 3}}, {"model": "optionnelles.pole_par_semestre", "pk": 11, "fields": {"semestre": 3, "pole": 6, "nombre_options": 0}}, {"model": "optionnelles.pole_par_semestre", "pk": 12, "fields": {"semestre": 1, "pole": 7, "nombre_options": 2}}, {"model": "optionnelles.pole_par_semestre", "pk": 13, "fields": {"semestre": 2, "pole": 7, "nombre_options": 4}}, {"model": "optionnelles.pole_par_semestre", "pk": 14, "fields": {"semestre": 1, "pole": 8, "nombre_options": 0}}, {"model": "optionnelles.pole_par_semestre", "pk": 15, "fields": {"semestre": 2, "pole": 8, "nombre_options": 3}}, {"model": "optionnelles.pole_par_semestre", "pk": 16, "fields": {"semestre": 1, "pole": 9, "nombre_options": 2}}, {"model": "optionnelles.pole_par_semestre", "pk": 17, "fields": {"semestre": 2, "pole": 9, "nombre_options": 3}}, {"model": "optionnelles.pole_par_semestre", "pk": 18, "fields": {"semestre": 3, "pole": 10, "nombre_options": 0}}, {"model": "optionnelles.pole_par_semestre", "pk": 19, "fields": {"semestre": 1, "pole": 11, "nombre_options": 0}}, {"model": "optionnelles.pole_par_semestre", "pk": 20, "fields": {"semestre": 2, "pole": 11, "nombre_options": 3}}, {"model": "optionnelles.pole_par_semestre", "pk": 21, "fields": {"semestre": 1, "pole": 12, "nombre_options": 2}}, {"model": "optionnelles.pole_par_semestre", "pk": 22, "fields": {"semestre": 2, "pole": 12, "nombre_options": 0}}, {"model": "optionnelles.pole_par_semestre", "pk": 23, "fields": {"semestre": 1, "pole": 13, "nombre_options": 0}}, {"model": "optionnelles.pole_par_semestre", "pk": 24, "fields": {"semestre": 2, "pole": 13, "nombre_options": 0}}, {"model": "optionnelles.pole_par_semestre", "pk": 25, "fields": {"semestre": 1, "pole": 14, "nombre_options": 0}}, {"model": "optionnelles.pole_par_semestre", "pk": 26, "fields": {"semestre": 2, "pole": 14, "nombre_options": 0}}, {"model": "optionnelles.pole_par_semestre", "pk": 27, "fields": {"semestre": 3, "pole": 15, "nombre_options": 0}}, {"model": "optionnelles.pole_par_semestre", "pk": 28, "fields": {"semestre": 1, "pole": 16, "nombre_options": 0}}, {"model": "optionnelles.pole_par_semestre", "pk": 29, "fields": {"semestre": 2, "pole": 16, "nombre_options": 0}}, {"model": "optionnelles.pole_par_semestre", "pk": 30, "fields": {"semestre": 1, "pole": 17, "nombre_options": 2}}, {"model": "optionnelles.pole_par_semestre", "pk": 31, "fields": {"semestre": 2, "pole": 17, "nombre_options": 0}}, {"model": "optionnelles.pole_par_semestre", "pk": 32, "fields": {"semestre": 1, "pole": 18, "nombre_options": 0}}, {"model": "optionnelles.pole_par_semestre", "pk": 33, "fields": {"semestre": 2, "pole": 18, "nombre_options": 0}}, {"model": "optionnelles.pole_par_semestre", "pk": 34, "fields": {"semestre": 1, "pole": 19, "nombre_options": 0}}, {"model": "optionnelles.pole_par_semestre", "pk": 35, "fields": {"semestre": 2, "pole": 19, "nombre_options": 0}}, {"model": "optionnelles.pole_par_semestre", "pk": 36, "fields": {"semestre": 3, "pole": 20, "nombre_options": 0}}, {"model": "optionnelles.pole_par_semestre", "pk": 37, "fields": {"semestre": 1, "pole": 21, "nombre_options": 0}}, {"model": "optionnelles.pole_par_semestre", "pk": 38, "fields": {"semestre": 2, "pole": 21, "nombre_options": 2}}, {"model": "optionnelles.pole_par_semestre", "pk": 39, "fields": {"semestre": 1, "pole": 22, "nombre_options": 3}}, {"model": "optionnelles.pole_par_semestre", "pk": 40, "fields": {"semestre": 2, "pole": 22, "nombre_options": 0}}, {"model": "optionnelles.pole_par_semestre", "pk": 41, "fields": {"semestre": 1, "pole": 23, "nombre_options": 0}}, {"model": "optionnelles.pole_par_semestre", "pk": 42, "fields": {"semestre": 2, "pole": 23, "nombre_options": 0}}, {"model": "optionnelles.pole_par_semestre", "pk": 43, "fields": {"semestre": 1, "pole": 24, "nombre_options": 0}}, {"model": "optionnelles.pole_par_semestre", "pk": 44, "fields": {"semestre": 2, "pole": 24, "nombre_options": 0}}, {"model": "optionnelles.pole_par_semestre", "pk": 45, "fields": {"semestre": 3, "pole": 25, "nombre_options": 0}}, {"model": "optionnelles.pole_par_semestre", "pk": 46, "fields": {"semestre": 1, "pole": 26, "nombre_options": 0}}, {"model": "optionnelles.pole_par_semestre", "pk": 47, "fields": {"semestre": 2, "pole": 26, "nombre_options": 0}}, {"model": "optionnelles.pole_par_semestre", "pk": 48, "fields": {"semestre": 1, "pole": 27, "nombre_options": 2}}, {"model": "optionnelles.pole_par_semestre", "pk": 49, "fields": {"semestre": 2, "pole": 27, "nombre_options": 0}}, {"model": "optionnelles.pole_par_semestre", "pk": 50, "fields": {"semestre": 1, "pole": 28, "nombre_options": 0}}, {"model": "optionnelles.pole_par_semestre", "pk": 51, "fields": {"semestre": 2, "pole": 28, "nombre_options": 0}}, {"model": "optionnelles.pole_par_semestre", "pk": 52, "fields": {"semestre": 1, "pole": 29, "nombre_options": 0}}, {"model": "optionnelles.pole_par_semestre", "pk": 53, "fields": {"semestre": 2, "pole": 29, "nombre_options": 0}}, {"model": "optionnelles.pole_par_semestre", "pk": 54, "fields": {"semestre": 3, "pole": 30, "nombre_options": 0}}, {"model": "optionnelles.pole_par_semestre", "pk": 55, "fields": {"semestre": 1, "pole": 31, "nombre_options": 0}}, {"model": "optionnelles.pole_par_semestre", "pk": 56, "fields": {"semestre": 2, "pole": 31, "nombre_options": 0}}, {"model": "optionnelles.pole_par_semestre", "pk": 57, "fields": {"semestre": 1, "pole": 32, "nombre_options": 14}}, {"model": "optionnelles.pole_par_semestre", "pk": 58, "fields": {"semestre": 2, "pole": 32, "nombre_options": 13}}, {"model": "optionnelles.pole_par_semestre", "pk": 59, "fields": {"semestre": 3, "pole": 32, "nombre_options": 0}}, {"model": "optionnelles.ue", "pk": 1, "fields": {"nom": "Conduite de projet", "num_UE": "ISI_02", "code_apoge": "ISI_02", "nombre_groupes": 0, "nombre_heures_TD": 40, "nombre_heures_CM": 8, "capacite": 20, "semestre": 3}}, {"model": "optionnelles.ue", "pk": 2, "fields": {"nom": "Ing\u00e9nierie du logiciel", "num_UE": "ISI_05", "code_apoge": "ISI_05", "nombre_groupes": 0, "nombre_heures_TD": 22, "nombre_heures_CM": 8, "capacite": 20, "semestre": 2}}, {"model": "optionnelles.ue", "pk": 3, "fields": {"nom": "Architecture client serveur", "num_UE": "ISI_01", "code_apoge": "ISI_01", "nombre_groupes": 2, "nombre_heures_TD": 22, "nombre_heures_CM": 8, "capacite": 20, "semestre": 2}}, {"model": "optionnelles.ue", "pk": 4, "fields": {"nom": "Conduite du changement", "num_UE": "ISI_03", "code_apoge": "ISI_03", "nombre_groupes": 0, "nombre_heures_TD": 22, "nombre_heures_CM": 8, "capacite": 20, "semestre": 2}}, {"model": "optionnelles.ue", "pk": 5, "fields": {"nom": "Contr\u00f4le qualit\u00e9", "num_UE": "ISI_04", "code_apoge": "ISI_04", "nombre_groupes": 0, "nombre_heures_TD": 22, "nombre_heures_CM": 8, "capacite": 20, "semestre": 2}}, {"model": "optionnelles.ue", "pk": 6, "fields": {"nom": "Analyse et d\u00e9cision en entreprise", "num_UE": "INFO_02", "code_apoge": "INFO_02", "nombre_groupes": 0, "nombre_heures_TD": 22, "nombre_heures_CM": 8, "capacite": 20, "semestre": 1}}, {"model": "optionnelles.ue", "pk": 7, "fields": {"nom": "Architecture Web des SI", "num_UE": "INFO_03", "code_apoge": "INFO_03", "nombre_groupes": 0, "nombre_heures_TD": 30, "nombre_heures_CM": 0, "capacite": 20, "semestre": 2}}, {"model": "optionnelles.ue", "pk": 8, "fields": {"nom": "Architecture des SI", "num_UE": "INFO_04", "code_apoge": "INFO_04", "nombre_groupes": 0, "nombre_heures_TD": 30, "nombre_heures_CM": 0, "capacite": 20, "semestre": 1}}, {"model": "optionnelles.ue", "pk": 9, "fields": {"nom": "Administration des SE", "num_UE": "INFO_01", "code_apoge": "INFO_01", "nombre_groupes": 0, "nombre_heures_TD": 22, "nombre_heures_CM": 8, "capacite": 20, "semestre": 1}}, {"model": "optionnelles.ue", "pk": 10, "fields": {"nom": "ASI mobiles 1", "num_UE": "INFO_05", "code_apoge": "INFO_05", "nombre_groupes": 2, "nombre_heures_TD": 30, "nombre_heures_CM": 0, "capacite": 20, "semestre": 2}}, {"model": "optionnelles.ue", "pk": 11, "fields": {"nom": "BD avanc\u00e9es", "num_UE": "INFO_06", "code_apoge": "INFO_06", "nombre_groupes": 0, "nombre_heures_TD": 22, "nombre_heures_CM": 8, "capacite": 20, "semestre": 2}}, {"model": "optionnelles.ue", "pk": 12, "fields": {"nom": "Bio informatique 1", "num_UE": "INFO_07", "code_apoge": "INFO_07", "nombre_groupes": 0, "nombre_heures_TD": 22, "nombre_heures_CM": 8, "capacite": 20, "semestre": 2}}, {"model": "optionnelles.ue", "pk": 13, "fields": {"nom": "Conception avanc\u00e9e des SI", "num_UE": "INFO_08", "code_apoge": "INFO_08", "nombre_groupes": 2, "nombre_heures_TD": 30, "nombre_heures_CM": 0, "capacite": 20, "semestre": 2}}, {"model": "optionnelles.ue", "pk": 14, "fields": {"nom": "IHM", "num_UE": "INFO_09", "code_apoge": "INFO_09", "nombre_groupes": 0, "nombre_heures_TD": 30, "nombre_heures_CM": 0, "capacite": 20, "semestre": 1}}, {"model": "optionnelles.ue", "pk": 15, "fields": {"nom": "Economie politique", "num_UE": "GEO_01", "code_apoge": "GEO_01", "nombre_groupes": 0, "nombre_heures_TD": 22, "nombre_heures_CM": 8, "capacite": 20, "semestre": 1}}, {"model": "optionnelles.ue", "pk": 16, "fields": {"nom": "Marketing", "num_UE": "GEO_05", "code_apoge": "GEO_05", "nombre_groupes": 0, "nombre_heures_TD": 22, "nombre_heures_CM": 8, "capacite": 20, "semestre": 1}}, {"model": "optionnelles.ue", "pk": 17, "fields": {"nom": "Analyse des syst\u00e8mes physiques", "num_UE": "SANTE_01", "code_apoge": "SANTE_01", "nombre_groupes": 0, "nombre_heures_TD": 30, "nombre_heures_CM": 0, "capacite": 20, "semestre": 1}}, {"model": "optionnelles.ue", "pk": 18, "fields": {"nom": "Notions de base en anatomie", "num_UE": "SANTE_04", "code_apoge": "SANTE_04", "nombre_groupes": 0, "nombre_heures_TD": 30, "nombre_heures_CM": 0, "capacite": 20, "semestre": 1}}, {"model": "optionnelles.ue", "pk": 19, "fields": {"nom": "Gestion de production", "num_UE": "GEO_02", "code_apoge": "GEO_02", "nombre_groupes": 0, "nombre_heures_TD": 22, "nombre_heures_CM": 8, "capacite": 20, "semestre": 2}}, {"model": "optionnelles.ue", "pk": 20, "fields": {"nom": "Marketing orient\u00e9 Web", "num_UE": "GEO_06", "code_apoge": "GEO_06", "nombre_groupes": 2, "nombre_heures_TD": 22, "nombre_heures_CM": 8, "capacite": 20, "semestre": 2}}, {"model": "optionnelles.ue", "pk": 21, "fields": {"nom": "Droit de la sant\u00e9 et bio\u00e9thique 1", "num_UE": "SANTE_02", "code_apoge": "SANTE_02", "nombre_groupes": 0, "nombre_heures_TD": 30, "nombre_heures_CM": 0, "capacite": 20, "semestre": 2}}, {"model": "optionnelles.ue", "pk": 22, "fields": {"nom": "Anglais M1", "num_UE": "TRANS_01", "code_apoge": "TRANS_01", "nombre_groupes": 0, "nombre_heures_TD": 22, "nombre_heures_CM": 8, "capacite": 20, "semestre": 1}}, {"model": "optionnelles.ue", "pk": 23, "fields": {"nom": "D\u00e9couverte de la recherche", "num_UE": "TRANS_03", "code_apoge": "TRANS_03", "nombre_groupes": 0, "nombre_heures_TD": 22, "nombre_heures_CM": 8, "capacite": 20, "semestre": 1}}, {"model": "optionnelles.ue", "pk": 24, "fields": {"nom": "Instrumentation biom\u00e9dicale 1", "num_UE": "SANTE_03", "code_apoge": "SANTE_03", "nombre_groupes": 0, "nombre_heures_TD": 30, "nombre_heures_CM": 0, "capacite": 20, "semestre": 2}}, {"model": "optionnelles.ue", "pk": 25, "fields": {"nom": "Communication", "num_UE": "TRANS_02", "code_apoge": "TRANS_02", "nombre_groupes": 0, "nombre_heures_TD": 22, "nombre_heures_CM": 8, "capacite": 20, "semestre": 1}}, {"model": "optionnelles.ue", "pk": 26, "fields": {"nom": "D\u00e9couverte des laboratoires", "num_UE": "TRANS_04", "code_apoge": "TRANS_04", "nombre_groupes": 2, "nombre_heures_TD": 22, "nombre_heures_CM": 8, "capacite": 20, "semestre": 2}}, {"model": "optionnelles.ue", "pk": 27, "fields": {"nom": "Droit du travail", "num_UE": "TRANS_05", "code_apoge": "TRANS_05", "nombre_groupes": 2, "nombre_heures_TD": 22, "nombre_heures_CM": 8, "capacite": 20, "semestre": 2}}, {"model": "optionnelles.ue", "pk": 28, "fields": {"nom": "Statistiques", "num_UE": "TRANS_06", "code_apoge": "TRANS_06", "nombre_groupes": 0, "nombre_heures_TD": 22, "nombre_heures_CM": 8, "capacite": 20, "semestre": 1}}, {"model": "optionnelles.ue", "pk": 29, "fields": {"nom": "Projet Professionnel", "num_UE": "PRO_01", "code_apoge": "PRO_01", "nombre_groupes": 0, "nombre_heures_TD": 0, "nombre_heures_CM": 8, "capacite": 20, "semestre": 3}}, {"model": "optionnelles.ue", "pk": 30, "fields": {"nom": "Audit des SI", "num_UE": "ISI_09", "code_apoge": "ISI_09", "nombre_groupes": 0, "nombre_heures_TD": 22, "nombre_heures_CM": 8, "capacite": 20, "semestre": 1}}, {"model": "optionnelles.ue", "pk": 31, "fields": {"nom": "Progiciels de gestion int\u00e9gr\u00e9s", "num_UE": "ISI_11", "code_apoge": "ISI_11", "nombre_groupes": 0, "nombre_heures_TD": 22, "nombre_heures_CM": 8, "capacite": 20, "semestre": 2}}, {"model": "optionnelles.ue", "pk": 32, "fields": {"nom": "Interop\u00e9rabilit\u00e9 des SI (ETL)", "num_UE": "ISI_12", "code_apoge": "ISI_12", "nombre_groupes": 0, "nombre_heures_TD": 22, "nombre_heures_CM": 8, "capacite": 20, "semestre": 1}}, {"model": "optionnelles.ue", "pk": 33, "fields": {"nom": "Conduite de projet agile", "num_UE": "ISI_14", "code_apoge": "ISI_14", "nombre_groupes": 0, "nombre_heures_TD": 22, "nombre_heures_CM": 8, "capacite": 20, "semestre": 1}}, {"model": "optionnelles.ue", "pk": 34, "fields": {"nom": "Strat\u00e9gie et management des SI", "num_UE": "ISI_15", "code_apoge": "ISI_15", "nombre_groupes": 0, "nombre_heures_TD": 22, "nombre_heures_CM": 8, "capacite": 20, "semestre": 2}}, {"model": "optionnelles.ue", "pk": 35, "fields": {"nom": "Ing\u00e9nierie des SI en sant\u00e9", "num_UE": "ISI_16", "code_apoge": "ISI_16", "nombre_groupes": 0, "nombre_heures_TD": 22, "nombre_heures_CM": 8, "capacite": 20, "semestre": 2}}, {"model": "optionnelles.ue", "pk": 36, "fields": {"nom": "Management de la s\u00e9curit\u00e9 des SI", "num_UE": "ISI_17", "code_apoge": "ISI_17", "nombre_groupes": 0, "nombre_heures_TD": 22, "nombre_heures_CM": 8, "capacite": 20, "semestre": 2}}, {"model": "optionnelles.ue", "pk": 37, "fields": {"nom": "Workflows", "num_UE": "ISI_19", "code_apoge": "ISI_19", "nombre_groupes": 0, "nombre_heures_TD": 22, "nombre_heures_CM": 8, "capacite": 20, "semestre": 2}}, {"model": "optionnelles.ue", "pk": 38, "fields": {"nom": "Architecture des SI 2", "num_UE": "INFO_18", "code_apoge": "INFO_18", "nombre_groupes": 0, "nombre_heures_TD": 30, "nombre_heures_CM": 0, "capacite": 20, "semestre": 1}}, {"model": "optionnelles.ue", "pk": 39, "fields": {"nom": "ASI Mobile 2", "num_UE": "INFO_19", "code_apoge": "INFO_19", "nombre_groupes": 0, "nombre_heures_TD": 30, "nombre_heures_CM": 0, "capacite": 20, "semestre": 1}}, {"model": "optionnelles.ue", "pk": 40, "fields": {"nom": "Web Design", "num_UE": "INFO_31", "code_apoge": "INFO_31", "nombre_groupes": 0, "nombre_heures_TD": 22, "nombre_heures_CM": 8, "capacite": 20, "semestre": 1}}, {"model": "optionnelles.ue", "pk": 41, "fields": {"nom": "Strat\u00e9gie d entreprise", "num_UE": "GEO_08", "code_apoge": "GEO_08", "nombre_groupes": 0, "nombre_heures_TD": 22, "nombre_heures_CM": 8, "capacite": 20, "semestre": 2}}, {"model": "optionnelles.ue", "pk": 42, "fields": {"nom": "Th\u00e9ories des organisations", "num_UE": "GEO_09", "code_apoge": "GEO_09", "nombre_groupes": 0, "nombre_heures_TD": 22, "nombre_heures_CM": 8, "capacite": 20, "semestre": 1}}, {"model": "optionnelles.ue", "pk": 43, "fields": {"nom": "Anglais M2", "num_UE": "TRANS_08", "code_apoge": "TRANS_08", "nombre_groupes": 0, "nombre_heures_TD": 30, "nombre_heures_CM": 0, "capacite": 20, "semestre": 2}}, {"model": "optionnelles.ue", "pk": 44, "fields": {"nom": "Environnement socio-\u00e9conomique", "num_UE": "TRANS_10", "code_apoge": "TRANS_10", "nombre_groupes": 0, "nombre_heures_TD": 30, "nombre_heures_CM": 0, "capacite": 20, "semestre": 2}}, {"model": "optionnelles.ue", "pk": 45, "fields": {"nom": "Etude de cas th\u00e9matique", "num_UE": "PRO_03", "code_apoge": "PRO_03", "nombre_groupes": 0, "nombre_heures_TD": 30, "nombre_heures_CM": 0, "capacite": 20, "semestre": 3}}, {"model": "optionnelles.ue", "pk": 46, "fields": {"nom": "Projet professionnel", "num_UE": "PRO_04", "code_apoge": "PRO_04", "nombre_groupes": 0, "nombre_heures_TD": 0, "nombre_heures_CM": 0, "capacite": 20, "semestre": 3}}, {"model": "optionnelles.ue", "pk": 47, "fields": {"nom": "Outils pour la Business intelligence", "num_UE": "ISI_18", "code_apoge": "ISI_18", "nombre_groupes": 0, "nombre_heures_TD": 22, "nombre_heures_CM": 8, "capacite": 20, "semestre": 2}}, {"model": "optionnelles.ue", "pk": 48, "fields": {"nom": "Outils pour les syst\u00e8mes d\u00e9cisionnels en entreprise", "num_UE": "INFO_16", "code_apoge": "INFO_16", "nombre_groupes": 0, "nombre_heures_TD": 22, "nombre_heures_CM": 8, "capacite": 20, "semestre": 1}}, {"model": "optionnelles.ue", "pk": 49, "fields": {"nom": "Aide \u00e0 la d\u00e9cision avanc\u00e9e", "num_UE": "INFO_17", "code_apoge": "INFO_17", "nombre_groupes": 0, "nombre_heures_TD": 22, "nombre_heures_CM": 8, "capacite": 20, "semestre": 2}}, {"model": "optionnelles.ue", "pk": 50, "fields": {"nom": "Mod\u00e9lis. des pb en management et mkg", "num_UE": "INFO_27", "code_apoge": "INFO_27", "nombre_groupes": 0, "nombre_heures_TD": 22, "nombre_heures_CM": 8, "capacite": 20, "semestre": 1}}, {"model": "optionnelles.ue", "pk": 51, "fields": {"nom": "Recherche heuristique", "num_UE": "INFO_29", "code_apoge": "INFO_29", "nombre_groupes": 0, "nombre_heures_TD": 22, "nombre_heures_CM": 8, "capacite": 20, "semestre": 2}}, {"model": "optionnelles.ue", "pk": 52, "fields": {"nom": "IA", "num_UE": "INFO_23", "code_apoge": "INFO_23", "nombre_groupes": 0, "nombre_heures_TD": 22, "nombre_heures_CM": 8, "capacite": 20, "semestre": 1}}, {"model": "optionnelles.ue", "pk": 53, "fields": {"nom": "Web x.0", "num_UE": "INFO_32", "code_apoge": "INFO_32", "nombre_groupes": 0, "nombre_heures_TD": 22, "nombre_heures_CM": 8, "capacite": 20, "semestre": 1}}, {"model": "optionnelles.ue", "pk": 54, "fields": {"nom": "Data Science", "num_UE": "TRANS_09", "code_apoge": "TRANS_09", "nombre_groupes": 0, "nombre_heures_TD": 22, "nombre_heures_CM": 8, "capacite": 20, "semestre": 2}}, {"model": "optionnelles.ue", "pk": 55, "fields": {"nom": "Big data", "num_UE": "INFO_20", "code_apoge": "INFO_20", "nombre_groupes": 0, "nombre_heures_TD": 22, "nombre_heures_CM": 8, "capacite": 20, "semestre": 1}}, {"model": "optionnelles.ue", "pk": 56, "fields": {"nom": "Internet Of Things (IOT)", "num_UE": "INFO_26", "code_apoge": "INFO_26", "nombre_groupes": 0, "nombre_heures_TD": 30, "nombre_heures_CM": 0, "capacite": 20, "semestre": 2}}, {"model": "optionnelles.ue", "pk": 57, "fields": {"nom": "Bio informatique 2", "num_UE": "INFO_21", "code_apoge": "INFO_21", "nombre_groupes": 0, "nombre_heures_TD": 22, "nombre_heures_CM": 8, "capacite": 20, "semestre": 1}}, {"model": "optionnelles.ue", "pk": 58, "fields": {"nom": "Intelligence des syst\u00e8mes biom\u00e9dicaux", "num_UE": "INFO_25", "code_apoge": "INFO_25", "nombre_groupes": 0, "nombre_heures_TD": 22, "nombre_heures_CM": 8, "capacite": 20, "semestre": 2}}, {"model": "optionnelles.ue", "pk": 59, "fields": {"nom": "Gestion de r\u00e9seaux de capteurs biom\u00e9dicaux", "num_UE": "INFO_22", "code_apoge": "INFO_22", "nombre_groupes": 0, "nombre_heures_TD": 22, "nombre_heures_CM": 8, "capacite": 20, "semestre": 1}}, {"model": "optionnelles.ue", "pk": 60, "fields": {"nom": "Outils pour les donn\u00e9es biom\u00e9dicales", "num_UE": "INFO_28", "code_apoge": "INFO_28", "nombre_groupes": 0, "nombre_heures_TD": 22, "nombre_heures_CM": 8, "capacite": 20, "semestre": 1}}, {"model": "optionnelles.ue", "pk": 61, "fields": {"nom": "Electrophysiologie", "num_UE": "SANTE_05", "code_apoge": "SANTE_05", "nombre_groupes": 0, "nombre_heures_TD": 30, "nombre_heures_CM": 0, "capacite": 20, "semestre": 2}}, {"model": "optionnelles.ue", "pk": 62, "fields": {"nom": "Instrumentation biom\u00e9dicale 2", "num_UE": "SANTE_06", "code_apoge": "SANTE_06", "nombre_groupes": 0, "nombre_heures_TD": 30, "nombre_heures_CM": 0, "capacite": 20, "semestre": 1}}, {"model": "optionnelles.ue", "pk": 63, "fields": {"nom": "T\u00e9l\u00e9m\u00e9decine", "num_UE": "SANTE_07", "code_apoge": "SANTE_07", "nombre_groupes": 0, "nombre_heures_TD": 30, "nombre_heures_CM": 0, "capacite": 20, "semestre": 2}}, {"model": "optionnelles.ue", "pk": 64, "fields": {"nom": "Etude de cas cr\u00e9ation d entreprise", "num_UE": "PRO_02", "code_apoge": "PRO_02", "nombre_groupes": 0, "nombre_heures_TD": 0, "nombre_heures_CM": 0, "capacite": 20, "semestre": 3}}, {"model": "optionnelles.ue_par_pole", "pk": 1, "fields": {"pole": 1, "ue": 1, "option": false}}, {"model": "optionnelles.ue_par_pole", "pk": 2, "fields": {"pole": 1, "ue": 2, "option": false}}, {"model": "optionnelles.ue_par_pole", "pk": 3, "fields": {"pole": 1, "ue": 3, "option": true}}, {"model": "optionnelles.ue_par_pole", "pk": 4, "fields": {"pole": 1, "ue": 4, "option": true}}, {"model": "optionnelles.ue_par_pole", "pk": 5, "fields": {"pole": 1, "ue": 5, "option": true}}, {"model": "optionnelles.ue_par_pole", "pk": 6, "fields": {"pole": 2, "ue": 6, "option": false}}, {"model": "optionnelles.ue_par_pole", "pk": 7, "fields": {"pole": 2, "ue": 7, "option": false}}, {"model": "optionnelles.ue_par_pole", "pk": 8, "fields": {"pole": 2, "ue": 8, "option": false}}, {"model": "optionnelles.ue_par_pole", "pk": 9, "fields": {"pole": 2, "ue": 9, "option": true}}, {"model": "optionnelles.ue_par_pole", "pk": 10, "fields": {"pole": 2, "ue": 10, "option": true}}, {"model": "optionnelles.ue_par_pole", "pk": 11, "fields": {"pole": 2, "ue": 11, "option": true}}, {"model": "optionnelles.ue_par_pole", "pk": 12, "fields": {"pole": 2, "ue": 12, "option": true}}, {"model": "optionnelles.ue_par_pole", "pk": 13, "fields": {"pole": 2, "ue": 13, "option": true}}, {"model": "optionnelles.ue_par_pole", "pk": 14, "fields": {"pole": 2, "ue": 14, "option": true}}, {"model": "optionnelles.ue_par_pole", "pk": 15, "fields": {"pole": 3, "ue": 15, "option": false}}, {"model": "optionnelles.ue_par_pole", "pk": 16, "fields": {"pole": 3, "ue": 16, "option": false}}, {"model": "optionnelles.ue_par_pole", "pk": 17, "fields": {"pole": 3, "ue": 17, "option": false}}, {"model": "optionnelles.ue_par_pole", "pk": 18, "fields": {"pole": 3, "ue": 18, "option": false}}, {"model": "optionnelles.ue_par_pole", "pk": 19, "fields": {"pole": 3, "ue": 19, "option": true}}, {"model": "optionnelles.ue_par_pole", "pk": 20, "fields": {"pole": 3, "ue": 20, "option": true}}, {"model": "optionnelles.ue_par_pole", "pk": 21, "fields": {"pole": 3, "ue": 21, "option": true}}, {"model": "optionnelles.ue_par_pole", "pk": 22, "fields": {"pole": 4, "ue": 22, "option": false}}, {"model": "optionnelles.ue_par_pole", "pk": 23, "fields": {"pole": 4, "ue": 23, "option": false}}, {"model": "optionnelles.ue_par_pole", "pk": 24, "fields": {"pole": 4, "ue": 24, "option": true}}, {"model": "optionnelles.ue_par_pole", "pk": 25, "fields": {"pole": 4, "ue": 25, "option": true}}, {"model": "optionnelles.ue_par_pole", "pk": 26, "fields": {"pole": 4, "ue": 26, "option": true}}, {"model": "optionnelles.ue_par_pole", "pk": 27, "fields": {"pole": 4, "ue": 27, "option": true}}, {"model": "optionnelles.ue_par_pole", "pk": 28, "fields": {"pole": 4, "ue": 28, "option": true}}, {"model": "optionnelles.ue_par_pole", "pk": 29, "fields": {"pole": 5, "ue": 29, "option": false}}, {"model": "optionnelles.ue_par_pole", "pk": 30, "fields": {"pole": 6, "ue": 30, "option": false}}, {"model": "optionnelles.ue_par_pole", "pk": 31, "fields": {"pole": 6, "ue": 31, "option": false}}, {"model": "optionnelles.ue_par_pole", "pk": 32, "fields": {"pole": 6, "ue": 32, "option": false}}, {"model": "optionnelles.ue_par_pole", "pk": 33, "fields": {"pole": 6, "ue": 33, "option": false}}, {"model": "optionnelles.ue_par_pole", "pk": 34, "fields": {"pole": 6, "ue": 34, "option": false}}, {"model": "optionnelles.ue_par_pole", "pk": 35, "fields": {"pole": 6, "ue": 35, "option": true}}, {"model": "optionnelles.ue_par_pole", "pk": 36, "fields": {"pole": 6, "ue": 36, "option": true}}, {"model": "optionnelles.ue_par_pole", "pk": 37, "fields": {"pole": 6, "ue": 37, "option": true}}, {"model": "optionnelles.ue_par_pole", "pk": 38, "fields": {"pole": 7, "ue": 38, "option": false}}, {"model": "optionnelles.ue_par_pole", "pk": 39, "fields": {"pole": 7, "ue": 39, "option": true}}, {"model": "optionnelles.ue_par_pole", "pk": 40, "fields": {"pole": 7, "ue": 40, "option": true}}, {"model": "optionnelles.ue_par_pole", "pk": 41, "fields": {"pole": 8, "ue": 41, "option": false}}, {"model": "optionnelles.ue_par_pole", "pk": 42, "fields": {"pole": 8, "ue": 42, "option": false}}, {"model": "optionnelles.ue_par_pole", "pk": 43, "fields": {"pole": 9, "ue": 43, "option": false}}, {"model": "optionnelles.ue_par_pole", "pk": 44, "fields": {"pole": 9, "ue": 44, "option": false}}, {"model": "optionnelles.ue_par_pole", "pk": 45, "fields": {"pole": 10, "ue": 45, "option": false}}, {"model": "optionnelles.ue_par_pole", "pk": 46, "fields": {"pole": 10, "ue": 46, "option": false}}, {"model": "optionnelles.ue_par_pole", "pk": 47, "fields": {"pole": 11, "ue": 33, "option": false}}, {"model": "optionnelles.ue_par_pole", "pk": 48, "fields": {"pole": 8, "ue": 19, "option": true}}, {"model": "optionnelles.ue_par_pole", "pk": 49, "fields": {"pole": 11, "ue": 47, "option": false}}, {"model": "optionnelles.ue_par_pole", "pk": 50, "fields": {"pole": 12, "ue": 48, "option": false}}, {"model": "optionnelles.ue_par_pole", "pk": 51, "fields": {"pole": 12, "ue": 49, "option": false}}, {"model": "optionnelles.ue_par_pole", "pk": 52, "fields": {"pole": 12, "ue": 38, "option": false}}, {"model": "optionnelles.ue_par_pole", "pk": 53, "fields": {"pole": 12, "ue": 50, "option": false}}, {"model": "optionnelles.ue_par_pole", "pk": 54, "fields": {"pole": 12, "ue": 51, "option": false}}, {"model": "optionnelles.ue_par_pole", "pk": 55, "fields": {"pole": 12, "ue": 52, "option": true}}, {"model": "optionnelles.ue_par_pole", "pk": 56, "fields": {"pole": 12, "ue": 53, "option": true}}, {"model": "optionnelles.ue_par_pole", "pk": 57, "fields": {"pole": 13, "ue": 41, "option": false}}, {"model": "optionnelles.ue_par_pole", "pk": 58, "fields": {"pole": 13, "ue": 42, "option": false}}, {"model": "optionnelles.ue_par_pole", "pk": 59, "fields": {"pole": 14, "ue": 43, "option": false}}, {"model": "optionnelles.ue_par_pole", "pk": 60, "fields": {"pole": 14, "ue": 54, "option": false}}, {"model": "optionnelles.ue_par_pole", "pk": 61, "fields": {"pole": 14, "ue": 44, "option": false}}, {"model": "optionnelles.ue_par_pole", "pk": 62, "fields": {"pole": 15, "ue": 45, "option": false}}, {"model": "optionnelles.ue_par_pole", "pk": 63, "fields": {"pole": 15, "ue": 46, "option": false}}, {"model": "optionnelles.ue_par_pole", "pk": 64, "fields": {"pole": 16, "ue": 33, "option": false}}, {"model": "optionnelles.ue_par_pole", "pk": 65, "fields": {"pole": 16, "ue": 47, "option": false}}, {"model": "optionnelles.ue_par_pole", "pk": 66, "fields": {"pole": 17, "ue": 48, "option": false}}, {"model": "optionnelles.ue_par_pole", "pk": 67, "fields": {"pole": 17, "ue": 49, "option": false}}, {"model": "optionnelles.ue_par_pole", "pk": 68, "fields": {"pole": 17, "ue": 38, "option": false}}, {"model": "optionnelles.ue_par_pole", "pk": 69, "fields": {"pole": 17, "ue": 50, "option": false}}, {"model": "optionnelles.ue_par_pole", "pk": 70, "fields": {"pole": 17, "ue": 51, "option": false}}, {"model": "optionnelles.ue_par_pole", "pk": 71, "fields": {"pole": 17, "ue": 52, "option": true}}, {"model": "optionnelles.ue_par_pole", "pk": 72, "fields": {"pole": 17, "ue": 53, "option": true}}, {"model": "optionnelles.ue_par_pole", "pk": 73, "fields": {"pole": 18, "ue": 41, "option": false}}, {"model": "optionnelles.ue_par_pole", "pk": 74, "fields": {"pole": 18, "ue": 42, "option": false}}, {"model": "optionnelles.ue_par_pole", "pk": 75, "fields": {"pole": 19, "ue": 43, "option": false}}, {"model": "optionnelles.ue_par_pole", "pk": 76, "fields": {"pole": 19, "ue": 54, "option": false}}, {"model": "optionnelles.ue_par_pole", "pk": 77, "fields": {"pole": 19, "ue": 44, "option": false}}, {"model": "optionnelles.ue_par_pole", "pk": 78, "fields": {"pole": 20, "ue": 45, "option": false}}, {"model": "optionnelles.ue_par_pole", "pk": 79, "fields": {"pole": 20, "ue": 46, "option": false}}, {"model": "optionnelles.ue_par_pole", "pk": 80, "fields": {"pole": 21, "ue": 33, "option": false}}, {"model": "optionnelles.ue_par_pole", "pk": 81, "fields": {"pole": 21, "ue": 35, "option": false}}, {"model": "optionnelles.ue_par_pole", "pk": 82, "fields": {"pole": 22, "ue": 57, "option": false}}, {"model": "optionnelles.ue_par_pole", "pk": 83, "fields": {"pole": 22, "ue": 52, "option": false}}, {"model": "optionnelles.ue_par_pole", "pk": 84, "fields": {"pole": 22, "ue": 58, "option": false}}, {"model": "optionnelles.ue_par_pole", "pk": 85, "fields": {"pole": 22, "ue": 56, "option": false}}, {"model": "optionnelles.ue_par_pole", "pk": 86, "fields": {"pole": 22, "ue": 59, "option": true}}, {"model": "optionnelles.ue_par_pole", "pk": 87, "fields": {"pole": 22, "ue": 60, "option": true}}, {"model": "optionnelles.ue_par_pole", "pk": 88, "fields": {"pole": 23, "ue": 54, "option": false}}, {"model": "optionnelles.ue_par_pole", "pk": 89, "fields": {"pole": 23, "ue": 44, "option": false}}, {"model": "optionnelles.ue_par_pole", "pk": 90, "fields": {"pole": 23, "ue": 43, "option": false}}, {"model": "optionnelles.ue_par_pole", "pk": 91, "fields": {"pole": 24, "ue": 61, "option": false}}, {"model": "optionnelles.ue_par_pole", "pk": 92, "fields": {"pole": 24, "ue": 62, "option": false}}, {"model": "optionnelles.ue_par_pole", "pk": 93, "fields": {"pole": 24, "ue": 63, "option": false}}, {"model": "optionnelles.ue_par_pole", "pk": 94, "fields": {"pole": 25, "ue": 45, "option": false}}, {"model": "optionnelles.ue_par_pole", "pk": 95, "fields": {"pole": 25, "ue": 46, "option": false}}, {"model": "optionnelles.ue_par_pole", "pk": 96, "fields": {"pole": 26, "ue": 33, "option": false}}, {"model": "optionnelles.ue_par_pole", "pk": 97, "fields": {"pole": 26, "ue": 41, "option": false}}, {"model": "optionnelles.ue_par_pole", "pk": 98, "fields": {"pole": 27, "ue": 64, "option": false}}, {"model": "optionnelles.ue_par_pole", "pk": 99, "fields": {"pole": 27, "ue": 46, "option": false}}, {"model": "optionnelles.ue_par_pole", "pk": 100, "fields": {"pole": 27, "ue": 42, "option": true}}, {"model": "optionnelles.ue_par_pole", "pk": 101, "fields": {"pole": 27, "ue": 48, "option": true}}, {"model": "optionnelles.ue_par_pole", "pk": 102, "fields": {"pole": 27, "ue": 49, "option": true}}, {"model": "optionnelles.ue_par_pole", "pk": 103, "fields": {"pole": 27, "ue": 38, "option": true}}, {"model": "optionnelles.ue_par_pole", "pk": 104, "fields": {"pole": 27, "ue": 39, "option": true}}, {"model": "optionnelles.ue_par_pole", "pk": 105, "fields": {"pole": 27, "ue": 55, "option": true}}, {"model": "optionnelles.ue_par_pole", "pk": 106, "fields": {"pole": 27, "ue": 57, "option": true}}, {"model": "optionnelles.ue_par_pole", "pk": 107, "fields": {"pole": 27, "ue": 59, "option": true}}, {"model": "optionnelles.ue_par_pole", "pk": 108, "fields": {"pole": 27, "ue": 52, "option": true}}, {"model": "optionnelles.ue_par_pole", "pk": 109, "fields": {"pole": 27, "ue": 58, "option": true}}, {"model": "optionnelles.ue_par_pole", "pk": 110, "fields": {"pole": 27, "ue": 56, "option": true}}, {"model": "optionnelles.ue_par_pole", "pk": 111, "fields": {"pole": 27, "ue": 50, "option": true}}, {"model": "optionnelles.ue_par_pole", "pk": 112, "fields": {"pole": 27, "ue": 60, "option": true}}, {"model": "optionnelles.ue_par_pole", "pk": 113, "fields": {"pole": 27, "ue": 51, "option": true}}, {"model": "optionnelles.ue_par_pole", "pk": 114, "fields": {"pole": 27, "ue": 40, "option": true}}, {"model": "optionnelles.ue_par_pole", "pk": 115, "fields": {"pole": 27, "ue": 53, "option": true}}, {"model": "optionnelles.ue_par_pole", "pk": 116, "fields": {"pole": 27, "ue": 31, "option": true}}, {"model": "optionnelles.ue_par_pole", "pk": 117, "fields": {"pole": 27, "ue": 32, "option": true}}, {"model": "optionnelles.ue_par_pole", "pk": 118, "fields": {"pole": 27, "ue": 35, "option": true}}, {"model": "optionnelles.ue_par_pole", "pk": 119, "fields": {"pole": 27, "ue": 36, "option": true}}, {"model": "optionnelles.ue_par_pole", "pk": 120, "fields": {"pole": 27, "ue": 47, "option": true}}, {"model": "optionnelles.ue_par_pole", "pk": 121, "fields": {"pole": 27, "ue": 61, "option": true}}, {"model": "optionnelles.ue_par_pole", "pk": 122, "fields": {"pole": 27, "ue": 62, "option": true}}, {"model": "optionnelles.ue_par_pole", "pk": 123, "fields": {"pole": 27, "ue": 63, "option": true}}, {"model": "optionnelles.ue_par_pole", "pk": 124, "fields": {"pole": 27, "ue": 43, "option": true}}, {"model": "optionnelles.ue_par_pole", "pk": 125, "fields": {"pole": 27, "ue": 54, "option": true}}, {"model": "optionnelles.ue_par_pole", "pk": 126, "fields": {"pole": 27, "ue": 44, "option": true}}, {"model": "optionnelles.ue_par_pole", "pk": 127, "fields": {"pole": 32, "ue": 46, "option": false}}, {"model": "optionnelles.ue_par_pole", "pk": 128, "fields": {"pole": 32, "ue": 42, "option": true}}, {"model": "optionnelles.ue_par_pole", "pk": 129, "fields": {"pole": 32, "ue": 48, "option": true}}, {"model": "optionnelles.ue_par_pole", "pk": 130, "fields": {"pole": 32, "ue": 49, "option": true}}, {"model": "optionnelles.ue_par_pole", "pk": 131, "fields": {"pole": 32, "ue": 38, "option": true}}, {"model": "optionnelles.ue_par_pole", "pk": 132, "fields": {"pole": 32, "ue": 39, "option": true}}, {"model": "optionnelles.ue_par_pole", "pk": 133, "fields": {"pole": 32, "ue": 55, "option": true}}, {"model": "optionnelles.ue_par_pole", "pk": 134, "fields": {"pole": 32, "ue": 57, "option": true}}, {"model": "optionnelles.ue_par_pole", "pk": 135, "fields": {"pole": 32, "ue": 59, "option": true}}, {"model": "optionnelles.ue_par_pole", "pk": 136, "fields": {"pole": 32, "ue": 52, "option": true}}, {"model": "optionnelles.ue_par_pole", "pk": 137, "fields": {"pole": 32, "ue": 58, "option": true}}, {"model": "optionnelles.ue_par_pole", "pk": 138, "fields": {"pole": 32, "ue": 56, "option": true}}, {"model": "optionnelles.ue_par_pole", "pk": 139, "fields": {"pole": 32, "ue": 50, "option": true}}, {"model": "optionnelles.ue_par_pole", "pk": 140, "fields": {"pole": 32, "ue": 60, "option": true}}, {"model": "optionnelles.ue_par_pole", "pk": 141, "fields": {"pole": 32, "ue": 51, "option": true}}, {"model": "optionnelles.ue_par_pole", "pk": 142, "fields": {"pole": 32, "ue": 40, "option": true}}, {"model": "optionnelles.ue_par_pole", "pk": 143, "fields": {"pole": 32, "ue": 53, "option": true}}, {"model": "optionnelles.ue_par_pole", "pk": 144, "fields": {"pole": 32, "ue": 31, "option": true}}, {"model": "optionnelles.ue_par_pole", "pk": 145, "fields": {"pole": 32, "ue": 32, "option": true}}, {"model": "optionnelles.ue_par_pole", "pk": 146, "fields": {"pole": 32, "ue": 35, "option": true}}, {"model": "optionnelles.ue_par_pole", "pk": 147, "fields": {"pole": 32, "ue": 36, "option": true}}, {"model": "optionnelles.ue_par_pole", "pk": 148, "fields": {"pole": 32, "ue": 47, "option": true}}, {"model": "optionnelles.ue_par_pole", "pk": 149, "fields": {"pole": 32, "ue": 61, "option": true}}, {"model": "optionnelles.ue_par_pole", "pk": 150, "fields": {"pole": 32, "ue": 62, "option": true}}, {"model": "optionnelles.ue_par_pole", "pk": 151, "fields": {"pole": 32, "ue": 63, "option": true}}, {"model": "optionnelles.ue_par_pole", "pk": 152, "fields": {"pole": 32, "ue": 43, "option": true}}, {"model": "optionnelles.ue_par_pole", "pk": 153, "fields": {"pole": 32, "ue": 54, "option": true}}, {"model": "optionnelles.ue_par_pole", "pk": 154, "fields": {"pole": 32, "ue": 44, "option": true}}, {"model": "optionnelles.statut", "pk": 1, "fields": {"nom": "Vacataire", "nombre_heures": 25}}]