[{"model": "optionnelles.promotion", "pk": 1, "fields": {"nom": "M1"}}, {"model": "optionnelles.promotion", "pk": 2, "fields": {"nom": "M2"}}, {"model": "optionnelles.parcours", "pk": 1, "fields": {"nom": "M1 MIAGE Stage", "promotion": 1}}, {"model": "optionnelles.parcours", "pk": 2, "fields": {"nom": "M1 MIAGE Alternance", "promotion": 1}}, {"model": "optionnelles.parcours", "pk": 3, "fields": {"nom": "M2 OSIE", "promotion": 2}}, {"model": "optionnelles.parcours", "pk": 4, "fields": {"nom": "M2 SID", "promotion": 2}}, {"model": "optionnelles.parcours", "pk": 5, "fields": {"nom": "M2 SIO", "promotion": 2}}, {"model": "optionnelles.parcours", "pk": 6, "fields": {"nom": "M2 SIS", "promotion": 2}}, {"model": "optionnelles.parcours", "pk": 7, "fields": {"nom": "M2 INE", "promotion": 2}}, {"model": "optionnelles.typepole", "pk": 1, "fields": {"nom": "Comp\u00e9tences en Ing\u00e9nierie des SI"}}, {"model": "optionnelles.typepole", "pk": 2, "fields": {"nom": "Comp\u00e9tences en Informatique"}}, {"model": "optionnelles.typepole", "pk": 3, "fields": {"nom": "Comp\u00e9tences en Gestion"}}, {"model": "optionnelles.typepole", "pk": 4, "fields": {"nom": "Domaine d application"}}, {"model": "optionnelles.typepole", "pk": 5, "fields": {"nom": "Comp\u00e9tences Transverses"}}, {"model": "optionnelles.typepole", "pk": 6, "fields": {"nom": "Professionnalisation"}}, {"model": "optionnelles.typepole", "pk": 7, "fields": {"nom": "eSant\u00e9"}}, {"model": "optionnelles.pole", "pk": 1, "fields": {"nom": "M1 MIAGE Comp\u00e9tences en Ing\u00e9nierie des SI", "parcours": 1, "type_pole": 1, "nombre_options": 3}}, {"model": "optionnelles.pole", "pk": 2, "fields": {"nom": "M1 MIAGE Comp\u00e9tences en Informatique", "parcours": 1, "type_pole": 2, "nombre_options": 6}}, {"model": "optionnelles.pole", "pk": 3, "fields": {"nom": "M1 MIAGE Domaine dapplication", "parcours": 1, "type_pole": 4, "nombre_options": 3}}, {"model": "optionnelles.pole", "pk": 4, "fields": {"nom": "M1 MIAGE Comp\u00e9tences Transverses", "parcours": 1, "type_pole": 5, "nombre_options": 5}}, {"model": "optionnelles.pole", "pk": 5, "fields": {"nom": "M1 MIAGE Professionnalisation", "parcours": 1, "type_pole": 6, "nombre_options": 0}}, {"model": "optionnelles.pole", "pk": 6, "fields": {"nom": "M2 OSIE Comp\u00e9tences en Ing\u00e9nierie des SI", "parcours": 2, "type_pole": 1, "nombre_options": 3}}, {"model": "optionnelles.pole", "pk": 7, "fields": {"nom": "M2 OSIE Comp\u00e9tences en Informatique", "parcours": 2, "type_pole": 2, "nombre_options": 2}}, {"model": "optionnelles.pole", "pk": 8, "fields": {"nom": "M2 OSIE Comp\u00e9tences en Gestion", "parcours": 2, "type_pole": 3, "nombre_options": 0}}, {"model": "optionnelles.pole", "pk": 9, "fields": {"nom": "M2 OSIE Comp\u00e9tences Transverses", "parcours": 2, "type_pole": 5, "nombre_options": 0}}, {"model": "optionnelles.pole", "pk": 10, "fields": {"nom": "M2 OSIE Professionnalisation", "parcours": 2, "type_pole": 6, "nombre_options": 0}}, {"model": "optionnelles.pole", "pk": 11, "fields": {"nom": "M2 SID Comp\u00e9tences en Ing\u00e9nierie des SI", "parcours": 3, "type_pole": 1, "nombre_options": 0}}, {"model": "optionnelles.pole", "pk": 12, "fields": {"nom": "M2 SID Comp\u00e9tences en Informatique", "parcours": 3, "type_pole": 2, "nombre_options": 2}}, {"model": "optionnelles.pole", "pk": 13, "fields": {"nom": "M2 SID Comp\u00e9tences en Gestion", "parcours": 3, "type_pole": 3, "nombre_options": 0}}, {"model": "optionnelles.pole", "pk": 14, "fields": {"nom": "M2 SID Comp\u00e9tences Transverses", "parcours": 3, "type_pole": 5, "nombre_options": 0}}, {"model": "optionnelles.pole", "pk": 15, "fields": {"nom": "M2 SID Professionnalisation", "parcours": 3, "type_pole": 6, "nombre_options": 0}}, {"model": "optionnelles.pole", "pk": 16, "fields": {"nom": "M2 SIO Comp\u00e9tences en Ing\u00e9nierie des SI", "parcours": 4, "type_pole": 1, "nombre_options": 2}}, {"model": "optionnelles.pole", "pk": 17, "fields": {"nom": "M2 SIO Comp\u00e9tences en Informatique", "parcours": 4, "type_pole": 2, "nombre_options": 3}}, {"model": "optionnelles.pole", "pk": 18, "fields": {"nom": "M2 SIO Comp\u00e9tences en Gestion", "parcours": 4, "type_pole": 3, "nombre_options": 0}}, {"model": "optionnelles.pole", "pk": 19, "fields": {"nom": "M2 SIO Comp\u00e9tences Transverses", "parcours": 4, "type_pole": 5, "nombre_options": 0}}, {"model": "optionnelles.pole", "pk": 20, "fields": {"nom": "M2 SIO Professionnalisation", "parcours": 4, "type_pole": 6, "nombre_options": 0}}, {"model": "optionnelles.pole", "pk": 21, "fields": {"nom": "M2 SIS Comp\u00e9tences en Ing\u00e9nierie des SI", "parcours": 5, "type_pole": 1, "nombre_options": 0}}, {"model": "optionnelles.pole", "pk": 22, "fields": {"nom": "M2 SIS Comp\u00e9tences en Informatique", "parcours": 5, "type_pole": 2, "nombre_options": 2}}, {"model": "optionnelles.pole", "pk": 23, "fields": {"nom": "M2 SIS Comp\u00e9tences Transverses", "parcours": 5, "type_pole": 5, "nombre_options": 0}}, {"model": "optionnelles.pole", "pk": 24, "fields": {"nom": "M2 SIS eSant\u00e9", "parcours": 5, "type_pole": 7, "nombre_options": 0}}, {"model": "optionnelles.pole", "pk": 25, "fields": {"nom": "M2 SIS Professionnalisation", "parcours": 5, "type_pole": 6, "nombre_options": 0}}, {"model": "optionnelles.pole", "pk": 26, "fields": {"nom": "M2 INE Comp\u00e9tence en Ing\u00e9nierie des SI", "parcours": 7, "type_pole": 1, "nombre_options": 0}}, {"model": "optionnelles.pole", "pk": 27, "fields": {"nom": "M2 INE Professionnalisation", "parcours": 7, "type_pole": 6, "nombre_options": 27}}, {"model": "optionnelles.semestre", "pk": 1, "fields": {"nom": "Semestre 1", "diminutif": "S1"}}, {"model": "optionnelles.semestre", "pk": 2, "fields": {"nom": "Semestre 2", "diminutif": "S2"}}, {"model": "optionnelles.semestre", "pk": 3, "fields": {"nom": "Annuel", "diminutif": "AN"}}, {"model": "optionnelles.ue", "pk": 1, "fields": {"nom": "Conduite de projet", "num_ue": "ISI_02", "code_apoge": "0", "nombre_groupes": 0, "nombre_heures_td": 40, "nombre_heures_cm": 8, "semestre": 3}}, {"model": "optionnelles.ue", "pk": 2, "fields": {"nom": "Ing\u00e9nierie du logiciel", "num_ue": "ISI_05", "code_apoge": "0", "nombre_groupes": 0, "nombre_heures_td": 22, "nombre_heures_cm": 8, "semestre": 2}}, {"model": "optionnelles.ue", "pk": 3, "fields": {"nom": "Architecture client serveur", "num_ue": "ISI_01", "code_apoge": "0", "nombre_groupes": 2, "nombre_heures_td": 22, "nombre_heures_cm": 8, "semestre": 2}}, {"model": "optionnelles.ue", "pk": 4, "fields": {"nom": "Conduite du changement", "num_ue": "ISI_03", "code_apoge": "0", "nombre_groupes": 0, "nombre_heures_td": 22, "nombre_heures_cm": 8, "semestre": 2}}, {"model": "optionnelles.ue", "pk": 5, "fields": {"nom": "Contr\u00f4le qualit\u00e9", "num_ue": "ISI_04", "code_apoge": "0", "nombre_groupes": 0, "nombre_heures_td": 22, "nombre_heures_cm": 8, "semestre": 2}}, {"model": "optionnelles.ue", "pk": 6, "fields": {"nom": "Analyse et d\u00e9cision en entreprise", "num_ue": "INFO_02", "code_apoge": "0", "nombre_groupes": 0, "nombre_heures_td": 22, "nombre_heures_cm": 8, "semestre": 1}}, {"model": "optionnelles.ue", "pk": 7, "fields": {"nom": "Architecture Web des SI", "num_ue": "INFO_03", "code_apoge": "0", "nombre_groupes": 0, "nombre_heures_td": 30, "nombre_heures_cm": 0, "semestre": 2}}, {"model": "optionnelles.ue", "pk": 8, "fields": {"nom": "Architecture des SI", "num_ue": "INFO_04", "code_apoge": "0", "nombre_groupes": 0, "nombre_heures_td": 30, "nombre_heures_cm": 0, "semestre": 1}}, {"model": "optionnelles.ue", "pk": 9, "fields": {"nom": "Administration des SE", "num_ue": "INFO_01", "code_apoge": "0", "nombre_groupes": 0, "nombre_heures_td": 22, "nombre_heures_cm": 8, "semestre": 1}}, {"model": "optionnelles.ue", "pk": 10, "fields": {"nom": "ASI mobiles 1", "num_ue": "INFO_05", "code_apoge": "0", "nombre_groupes": 2, "nombre_heures_td": 30, "nombre_heures_cm": 0, "semestre": 2}}, {"model": "optionnelles.ue", "pk": 11, "fields": {"nom": "BD avanc\u00e9es", "num_ue": "INFO_06", "code_apoge": "0", "nombre_groupes": 0, "nombre_heures_td": 22, "nombre_heures_cm": 8, "semestre": 2}}, {"model": "optionnelles.ue", "pk": 12, "fields": {"nom": "Bio informatique 1", "num_ue": "INFO_07", "code_apoge": "0", "nombre_groupes": 0, "nombre_heures_td": 22, "nombre_heures_cm": 8, "semestre": 2}}, {"model": "optionnelles.ue", "pk": 13, "fields": {"nom": "Conception avanc\u00e9e des SI", "num_ue": "INFO_08", "code_apoge": "0", "nombre_groupes": 2, "nombre_heures_td": 30, "nombre_heures_cm": 0, "semestre": 2}}, {"model": "optionnelles.ue", "pk": 14, "fields": {"nom": "IHM", "num_ue": "INFO_09", "code_apoge": "0", "nombre_groupes": 0, "nombre_heures_td": 30, "nombre_heures_cm": 0, "semestre": 1}}, {"model": "optionnelles.ue", "pk": 15, "fields": {"nom": "Economie politique", "num_ue": "GEO_01", "code_apoge": "0", "nombre_groupes": 0, "nombre_heures_td": 22, "nombre_heures_cm": 8, "semestre": 1}}, {"model": "optionnelles.ue", "pk": 16, "fields": {"nom": "Marketing", "num_ue": "GEO_05", "code_apoge": "0", "nombre_groupes": 0, "nombre_heures_td": 22, "nombre_heures_cm": 8, "semestre": 1}}, {"model": "optionnelles.ue", "pk": 17, "fields": {"nom": "Analyse des syst\u00e8mes physiques", "num_ue": "SANTE_01", "code_apoge": "0", "nombre_groupes": 0, "nombre_heures_td": 30, "nombre_heures_cm": 0, "semestre": 1}}, {"model": "optionnelles.ue", "pk": 18, "fields": {"nom": "Notions de base en anatomie", "num_ue": "SANTE_04", "code_apoge": "0", "nombre_groupes": 0, "nombre_heures_td": 30, "nombre_heures_cm": 0, "semestre": 1}}, {"model": "optionnelles.ue", "pk": 19, "fields": {"nom": "Gestion de production", "num_ue": "GEO_02", "code_apoge": "0", "nombre_groupes": 0, "nombre_heures_td": 22, "nombre_heures_cm": 8, "semestre": 2}}, {"model": "optionnelles.ue", "pk": 20, "fields": {"nom": "Marketing orient\u00e9 Web", "num_ue": "GEO_06", "code_apoge": "0", "nombre_groupes": 2, "nombre_heures_td": 22, "nombre_heures_cm": 8, "semestre": 2}}, {"model": "optionnelles.ue", "pk": 21, "fields": {"nom": "Droit de la sant\u00e9 et bio\u00e9thique 1", "num_ue": "SANTE_02", "code_apoge": "0", "nombre_groupes": 0, "nombre_heures_td": 30, "nombre_heures_cm": 0, "semestre": 2}}, {"model": "optionnelles.ue", "pk": 22, "fields": {"nom": "Anglais", "num_ue": "TRANS_01", "code_apoge": "0", "nombre_groupes": 0, "nombre_heures_td": 22, "nombre_heures_cm": 8, "semestre": 1}}, {"model": "optionnelles.ue", "pk": 23, "fields": {"nom": "D\u00e9couverte de la recherche", "num_ue": "TRANS_03", "code_apoge": "0", "nombre_groupes": 0, "nombre_heures_td": 22, "nombre_heures_cm": 8, "semestre": 1}}, {"model": "optionnelles.ue", "pk": 24, "fields": {"nom": "Instrumentation biom\u00e9dicale 1", "num_ue": "SANTE_03", "code_apoge": "0", "nombre_groupes": 0, "nombre_heures_td": 30, "nombre_heures_cm": 0, "semestre": 2}}, {"model": "optionnelles.ue", "pk": 25, "fields": {"nom": "Communication", "num_ue": "TRANS_02", "code_apoge": "0", "nombre_groupes": 0, "nombre_heures_td": 22, "nombre_heures_cm": 8, "semestre": 1}}, {"model": "optionnelles.ue", "pk": 26, "fields": {"nom": "D\u00e9couverte des laboratoires", "num_ue": "TRANS_04", "code_apoge": "0", "nombre_groupes": 2, "nombre_heures_td": 22, "nombre_heures_cm": 8, "semestre": 2}}, {"model": "optionnelles.ue", "pk": 27, "fields": {"nom": "Droit du travail", "num_ue": "TRANS_05", "code_apoge": "0", "nombre_groupes": 2, "nombre_heures_td": 22, "nombre_heures_cm": 8, "semestre": 2}}, {"model": "optionnelles.ue", "pk": 28, "fields": {"nom": "Statistiques", "num_ue": "TRANS_06", "code_apoge": "0", "nombre_groupes": 0, "nombre_heures_td": 22, "nombre_heures_cm": 8, "semestre": 1}}, {"model": "optionnelles.ue", "pk": 29, "fields": {"nom": "Projet Professionnel", "num_ue": "PRO_01", "code_apoge": "0", "nombre_groupes": 0, "nombre_heures_td": 0, "nombre_heures_cm": 8, "semestre": 3}}, {"model": "optionnelles.ue", "pk": 30, "fields": {"nom": "Audit des SI", "num_ue": "ISI_09", "code_apoge": "0", "nombre_groupes": 0, "nombre_heures_td": 22, "nombre_heures_cm": 8, "semestre": 1}}, {"model": "optionnelles.ue", "pk": 31, "fields": {"nom": "Progiciels de gestion int\u00e9gr\u00e9s", "num_ue": "ISI_11", "code_apoge": "0", "nombre_groupes": 0, "nombre_heures_td": 22, "nombre_heures_cm": 8, "semestre": 2}}, {"model": "optionnelles.ue", "pk": 32, "fields": {"nom": "Interop\u00e9rabilit\u00e9 des SI (ETL)", "num_ue": "ISI_12", "code_apoge": "0", "nombre_groupes": 0, "nombre_heures_td": 22, "nombre_heures_cm": 8, "semestre": 1}}, {"model": "optionnelles.ue", "pk": 33, "fields": {"nom": "Conduite de projet agile", "num_ue": "ISI_14", "code_apoge": "0", "nombre_groupes": 0, "nombre_heures_td": 22, "nombre_heures_cm": 8, "semestre": 1}}, {"model": "optionnelles.ue", "pk": 34, "fields": {"nom": "Strat\u00e9gie et management des SI", "num_ue": "ISI_15", "code_apoge": "0", "nombre_groupes": 0, "nombre_heures_td": 22, "nombre_heures_cm": 8, "semestre": 2}}, {"model": "optionnelles.ue", "pk": 35, "fields": {"nom": "Ing\u00e9nierie des SI en sant\u00e9", "num_ue": "ISI_16", "code_apoge": "0", "nombre_groupes": 0, "nombre_heures_td": 22, "nombre_heures_cm": 8, "semestre": 2}}, {"model": "optionnelles.ue", "pk": 36, "fields": {"nom": "Management de la s\u00e9curit\u00e9 des SI", "num_ue": "ISI_17", "code_apoge": "0", "nombre_groupes": 0, "nombre_heures_td": 22, "nombre_heures_cm": 8, "semestre": 2}}, {"model": "optionnelles.ue", "pk": 37, "fields": {"nom": "Workflows", "num_ue": "ISI_19", "code_apoge": "0", "nombre_groupes": 0, "nombre_heures_td": 22, "nombre_heures_cm": 8, "semestre": 2}}, {"model": "optionnelles.ue", "pk": 38, "fields": {"nom": "Architecture des SI 2", "num_ue": "INFO_18", "code_apoge": "0", "nombre_groupes": 0, "nombre_heures_td": 30, "nombre_heures_cm": 0, "semestre": 1}}, {"model": "optionnelles.ue", "pk": 39, "fields": {"nom": "ASI Mobile 2", "num_ue": "INFO_19", "code_apoge": "0", "nombre_groupes": 0, "nombre_heures_td": 30, "nombre_heures_cm": 0, "semestre": 1}}, {"model": "optionnelles.ue", "pk": 40, "fields": {"nom": "Web Design", "num_ue": "INFO_31", "code_apoge": "0", "nombre_groupes": 0, "nombre_heures_td": 22, "nombre_heures_cm": 8, "semestre": 1}}, {"model": "optionnelles.ue", "pk": 41, "fields": {"nom": "Strat\u00e9gie d entreprise", "num_ue": "GEO_08", "code_apoge": "0", "nombre_groupes": 0, "nombre_heures_td": 22, "nombre_heures_cm": 8, "semestre": 2}}, {"model": "optionnelles.ue", "pk": 42, "fields": {"nom": "Th\u00e9ories des organisations", "num_ue": "GEO_09", "code_apoge": "0", "nombre_groupes": 0, "nombre_heures_td": 22, "nombre_heures_cm": 8, "semestre": 1}}, {"model": "optionnelles.ue", "pk": 43, "fields": {"nom": "Anglais", "num_ue": "TRANS_08", "code_apoge": "0", "nombre_groupes": 0, "nombre_heures_td": 30, "nombre_heures_cm": 0, "semestre": 2}}, {"model": "optionnelles.ue", "pk": 44, "fields": {"nom": "Environnement socio-\u00e9conomique", "num_ue": "TRANS_10", "code_apoge": "0", "nombre_groupes": 0, "nombre_heures_td": 30, "nombre_heures_cm": 0, "semestre": 2}}, {"model": "optionnelles.ue", "pk": 45, "fields": {"nom": "Etude de cas th\u00e9matique", "num_ue": "PRO_03", "code_apoge": "0", "nombre_groupes": 0, "nombre_heures_td": 30, "nombre_heures_cm": 0, "semestre": 3}}, {"model": "optionnelles.ue", "pk": 46, "fields": {"nom": "Projet professionnel", "num_ue": "PRO_04", "code_apoge": "0", "nombre_groupes": 0, "nombre_heures_td": 0, "nombre_heures_cm": 0, "semestre": 3}}, {"model": "optionnelles.ue", "pk": 47, "fields": {"nom": "Outils pour la Business intelligence", "num_ue": "ISI_18", "code_apoge": "0", "nombre_groupes": 0, "nombre_heures_td": 22, "nombre_heures_cm": 8, "semestre": 2}}, {"model": "optionnelles.ue", "pk": 48, "fields": {"nom": "Outils pour les syst\u00e8mes d\u00e9cisionnels en entreprise", "num_ue": "INFO_16", "code_apoge": "0", "nombre_groupes": 0, "nombre_heures_td": 22, "nombre_heures_cm": 8, "semestre": 1}}, {"model": "optionnelles.ue", "pk": 49, "fields": {"nom": "Aide \u00e0 la d\u00e9cision avanc\u00e9e", "num_ue": "INFO_17", "code_apoge": "0", "nombre_groupes": 0, "nombre_heures_td": 22, "nombre_heures_cm": 8, "semestre": 2}}, {"model": "optionnelles.ue", "pk": 50, "fields": {"nom": "Mod\u00e9lis. des pb en management et mkg", "num_ue": "INFO_27", "code_apoge": "0", "nombre_groupes": 0, "nombre_heures_td": 22, "nombre_heures_cm": 8, "semestre": 1}}, {"model": "optionnelles.ue", "pk": 51, "fields": {"nom": "Recherche heuristique", "num_ue": "INFO_29", "code_apoge": "0", "nombre_groupes": 0, "nombre_heures_td": 22, "nombre_heures_cm": 8, "semestre": 2}}, {"model": "optionnelles.ue", "pk": 52, "fields": {"nom": "IA", "num_ue": "INFO_23", "code_apoge": "0", "nombre_groupes": 0, "nombre_heures_td": 22, "nombre_heures_cm": 8, "semestre": 1}}, {"model": "optionnelles.ue", "pk": 53, "fields": {"nom": "Web x.0", "num_ue": "INFO_32", "code_apoge": "0", "nombre_groupes": 0, "nombre_heures_td": 22, "nombre_heures_cm": 8, "semestre": 1}}, {"model": "optionnelles.ue", "pk": 54, "fields": {"nom": "Data Science", "num_ue": "TRANS_09", "code_apoge": "0", "nombre_groupes": 0, "nombre_heures_td": 22, "nombre_heures_cm": 8, "semestre": 2}}, {"model": "optionnelles.ue", "pk": 55, "fields": {"nom": "Big data", "num_ue": "INFO_20", "code_apoge": "0", "nombre_groupes": 0, "nombre_heures_td": 22, "nombre_heures_cm": 8, "semestre": 1}}, {"model": "optionnelles.ue", "pk": 56, "fields": {"nom": "Internet Of Things (IOT)", "num_ue": "INFO_26", "code_apoge": "0", "nombre_groupes": 0, "nombre_heures_td": 30, "nombre_heures_cm": 0, "semestre": 2}}, {"model": "optionnelles.ue", "pk": 57, "fields": {"nom": "Bio informatique 2", "num_ue": "INFO_21", "code_apoge": "0", "nombre_groupes": 0, "nombre_heures_td": 22, "nombre_heures_cm": 8, "semestre": 1}}, {"model": "optionnelles.ue", "pk": 58, "fields": {"nom": "Intelligence des syst\u00e8mes biom\u00e9dicaux", "num_ue": "INFO_25", "code_apoge": "0", "nombre_groupes": 0, "nombre_heures_td": 22, "nombre_heures_cm": 8, "semestre": 2}}, {"model": "optionnelles.ue", "pk": 59, "fields": {"nom": "Gestion de r\u00e9seaux de capteurs biom\u00e9dicaux", "num_ue": "INFO_22", "code_apoge": "0", "nombre_groupes": 0, "nombre_heures_td": 22, "nombre_heures_cm": 8, "semestre": 1}}, {"model": "optionnelles.ue", "pk": 60, "fields": {"nom": "Outils pour les donn\u00e9es biom\u00e9dicales", "num_ue": "INFO_28", "code_apoge": "0", "nombre_groupes": 0, "nombre_heures_td": 22, "nombre_heures_cm": 8, "semestre": 1}}, {"model": "optionnelles.ue", "pk": 61, "fields": {"nom": "Electrophysiologie", "num_ue": "SANTE_05", "code_apoge": "0", "nombre_groupes": 0, "nombre_heures_td": 30, "nombre_heures_cm": 0, "semestre": 2}}, {"model": "optionnelles.ue", "pk": 62, "fields": {"nom": "Instrumentation biom\u00e9dicale 2", "num_ue": "SANTE_06", "code_apoge": "0", "nombre_groupes": 0, "nombre_heures_td": 30, "nombre_heures_cm": 0, "semestre": 1}}, {"model": "optionnelles.ue", "pk": 63, "fields": {"nom": "T\u00e9l\u00e9m\u00e9decine", "num_ue": "SANTE_07", "code_apoge": "0", "nombre_groupes": 0, "nombre_heures_td": 30, "nombre_heures_cm": 0, "semestre": 2}}, {"model": "optionnelles.ue", "pk": 64, "fields": {"nom": "Etude de cas cr\u00e9ation d entreprise", "num_ue": "PRO_02", "code_apoge": "0", "nombre_groupes": 0, "nombre_heures_td": 0, "nombre_heures_cm": 0, "semestre": 3}}, {"model": "optionnelles.ue_par_pole", "pk": 1, "fields": {"pole": 1, "ue": 1, "option": false}}, {"model": "optionnelles.ue_par_pole", "pk": 2, "fields": {"pole": 1, "ue": 2, "option": false}}, {"model": "optionnelles.ue_par_pole", "pk": 3, "fields": {"pole": 1, "ue": 3, "option": true}}, {"model": "optionnelles.ue_par_pole", "pk": 4, "fields": {"pole": 1, "ue": 4, "option": true}}, {"model": "optionnelles.ue_par_pole", "pk": 5, "fields": {"pole": 1, "ue": 5, "option": true}}, {"model": "optionnelles.ue_par_pole", "pk": 6, "fields": {"pole": 2, "ue": 6, "option": false}}, {"model": "optionnelles.ue_par_pole", "pk": 7, "fields": {"pole": 2, "ue": 7, "option": false}}, {"model": "optionnelles.ue_par_pole", "pk": 8, "fields": {"pole": 2, "ue": 8, "option": false}}, {"model": "optionnelles.ue_par_pole", "pk": 9, "fields": {"pole": 2, "ue": 9, "option": true}}, {"model": "optionnelles.ue_par_pole", "pk": 10, "fields": {"pole": 2, "ue": 10, "option": true}}, {"model": "optionnelles.ue_par_pole", "pk": 11, "fields": {"pole": 2, "ue": 11, "option": true}}, {"model": "optionnelles.ue_par_pole", "pk": 12, "fields": {"pole": 2, "ue": 12, "option": true}}, {"model": "optionnelles.ue_par_pole", "pk": 13, "fields": {"pole": 2, "ue": 13, "option": true}}, {"model": "optionnelles.ue_par_pole", "pk": 14, "fields": {"pole": 2, "ue": 14, "option": true}}, {"model": "optionnelles.ue_par_pole", "pk": 15, "fields": {"pole": 3, "ue": 15, "option": false}}, {"model": "optionnelles.ue_par_pole", "pk": 16, "fields": {"pole": 3, "ue": 16, "option": false}}, {"model": "optionnelles.ue_par_pole", "pk": 17, "fields": {"pole": 3, "ue": 17, "option": false}}, {"model": "optionnelles.ue_par_pole", "pk": 18, "fields": {"pole": 3, "ue": 18, "option": false}}, {"model": "optionnelles.ue_par_pole", "pk": 19, "fields": {"pole": 3, "ue": 19, "option": true}}, {"model": "optionnelles.ue_par_pole", "pk": 20, "fields": {"pole": 3, "ue": 20, "option": true}}, {"model": "optionnelles.ue_par_pole", "pk": 21, "fields": {"pole": 3, "ue": 21, "option": true}}, {"model": "optionnelles.ue_par_pole", "pk": 22, "fields": {"pole": 4, "ue": 22, "option": false}}, {"model": "optionnelles.ue_par_pole", "pk": 23, "fields": {"pole": 4, "ue": 23, "option": false}}, {"model": "optionnelles.ue_par_pole", "pk": 24, "fields": {"pole": 4, "ue": 24, "option": true}}, {"model": "optionnelles.ue_par_pole", "pk": 25, "fields": {"pole": 4, "ue": 25, "option": true}}, {"model": "optionnelles.ue_par_pole", "pk": 26, "fields": {"pole": 4, "ue": 26, "option": true}}, {"model": "optionnelles.ue_par_pole", "pk": 27, "fields": {"pole": 4, "ue": 27, "option": true}}, {"model": "optionnelles.ue_par_pole", "pk": 28, "fields": {"pole": 4, "ue": 28, "option": true}}, {"model": "optionnelles.ue_par_pole", "pk": 29, "fields": {"pole": 5, "ue": 29, "option": false}}, {"model": "optionnelles.ue_par_pole", "pk": 30, "fields": {"pole": 6, "ue": 30, "option": false}}, {"model": "optionnelles.ue_par_pole", "pk": 31, "fields": {"pole": 6, "ue": 31, "option": false}}, {"model": "optionnelles.ue_par_pole", "pk": 32, "fields": {"pole": 6, "ue": 32, "option": false}}, {"model": "optionnelles.ue_par_pole", "pk": 33, "fields": {"pole": 6, "ue": 33, "option": false}}, {"model": "optionnelles.ue_par_pole", "pk": 34, "fields": {"pole": 6, "ue": 34, "option": false}}, {"model": "optionnelles.ue_par_pole", "pk": 35, "fields": {"pole": 6, "ue": 35, "option": true}}, {"model": "optionnelles.ue_par_pole", "pk": 36, "fields": {"pole": 6, "ue": 36, "option": true}}, {"model": "optionnelles.ue_par_pole", "pk": 37, "fields": {"pole": 6, "ue": 37, "option": true}}, {"model": "optionnelles.ue_par_pole", "pk": 38, "fields": {"pole": 7, "ue": 38, "option": false}}, {"model": "optionnelles.ue_par_pole", "pk": 39, "fields": {"pole": 7, "ue": 39, "option": true}}, {"model": "optionnelles.ue_par_pole", "pk": 40, "fields": {"pole": 7, "ue": 40, "option": true}}, {"model": "optionnelles.ue_par_pole", "pk": 41, "fields": {"pole": 8, "ue": 41, "option": false}}, {"model": "optionnelles.ue_par_pole", "pk": 42, "fields": {"pole": 8, "ue": 42, "option": false}}, {"model": "optionnelles.ue_par_pole", "pk": 43, "fields": {"pole": 9, "ue": 43, "option": false}}, {"model": "optionnelles.ue_par_pole", "pk": 44, "fields": {"pole": 9, "ue": 44, "option": false}}, {"model": "optionnelles.ue_par_pole", "pk": 45, "fields": {"pole": 10, "ue": 45, "option": false}}, {"model": "optionnelles.ue_par_pole", "pk": 46, "fields": {"pole": 10, "ue": 46, "option": false}}, {"model": "optionnelles.ue_par_pole", "pk": 47, "fields": {"pole": 11, "ue": 33, "option": false}}, {"model": "optionnelles.ue_par_pole", "pk": 49, "fields": {"pole": 11, "ue": 47, "option": false}}, {"model": "optionnelles.ue_par_pole", "pk": 50, "fields": {"pole": 12, "ue": 48, "option": false}}, {"model": "optionnelles.ue_par_pole", "pk": 51, "fields": {"pole": 12, "ue": 49, "option": false}}, {"model": "optionnelles.ue_par_pole", "pk": 52, "fields": {"pole": 12, "ue": 38, "option": false}}, {"model": "optionnelles.ue_par_pole", "pk": 53, "fields": {"pole": 12, "ue": 50, "option": false}}, {"model": "optionnelles.ue_par_pole", "pk": 54, "fields": {"pole": 12, "ue": 51, "option": false}}, {"model": "optionnelles.ue_par_pole", "pk": 55, "fields": {"pole": 12, "ue": 52, "option": true}}, {"model": "optionnelles.ue_par_pole", "pk": 56, "fields": {"pole": 12, "ue": 53, "option": true}}, {"model": "optionnelles.ue_par_pole", "pk": 57, "fields": {"pole": 13, "ue": 41, "option": false}}, {"model": "optionnelles.ue_par_pole", "pk": 58, "fields": {"pole": 13, "ue": 42, "option": false}}, {"model": "optionnelles.ue_par_pole", "pk": 59, "fields": {"pole": 14, "ue": 43, "option": false}}, {"model": "optionnelles.ue_par_pole", "pk": 60, "fields": {"pole": 14, "ue": 54, "option": false}}, {"model": "optionnelles.ue_par_pole", "pk": 61, "fields": {"pole": 14, "ue": 44, "option": false}}, {"model": "optionnelles.ue_par_pole", "pk": 62, "fields": {"pole": 15, "ue": 45, "option": false}}, {"model": "optionnelles.ue_par_pole", "pk": 63, "fields": {"pole": 15, "ue": 46, "option": false}}, {"model": "optionnelles.ue_par_pole", "pk": 64, "fields": {"pole": 16, "ue": 32, "option": false}}, {"model": "optionnelles.ue_par_pole", "pk": 65, "fields": {"pole": 16, "ue": 33, "option": false}}, {"model": "optionnelles.ue_par_pole", "pk": 66, "fields": {"pole": 16, "ue": 36, "option": true}}, {"model": "optionnelles.ue_par_pole", "pk": 67, "fields": {"pole": 16, "ue": 37, "option": true}}, {"model": "optionnelles.ue_par_pole", "pk": 68, "fields": {"pole": 17, "ue": 38, "option": false}}, {"model": "optionnelles.ue_par_pole", "pk": 69, "fields": {"pole": 17, "ue": 55, "option": false}}, {"model": "optionnelles.ue_par_pole", "pk": 70, "fields": {"pole": 17, "ue": 52, "option": false}}, {"model": "optionnelles.ue_par_pole", "pk": 71, "fields": {"pole": 17, "ue": 56, "option": false}}, {"model": "optionnelles.ue_par_pole", "pk": 72, "fields": {"pole": 17, "ue": 39, "option": true}}, {"model": "optionnelles.ue_par_pole", "pk": 73, "fields": {"pole": 17, "ue": 40, "option": true}}, {"model": "optionnelles.ue_par_pole", "pk": 74, "fields": {"pole": 17, "ue": 53, "option": true}}, {"model": "optionnelles.ue_par_pole", "pk": 75, "fields": {"pole": 18, "ue": 41, "option": false}}, {"model": "optionnelles.ue_par_pole", "pk": 76, "fields": {"pole": 19, "ue": 43, "option": false}}, {"model": "optionnelles.ue_par_pole", "pk": 77, "fields": {"pole": 19, "ue": 54, "option": false}}, {"model": "optionnelles.ue_par_pole", "pk": 78, "fields": {"pole": 19, "ue": 44, "option": false}}, {"model": "optionnelles.ue_par_pole", "pk": 79, "fields": {"pole": 20, "ue": 45, "option": false}}, {"model": "optionnelles.ue_par_pole", "pk": 80, "fields": {"pole": 20, "ue": 46, "option": false}}, {"model": "optionnelles.ue_par_pole", "pk": 81, "fields": {"pole": 21, "ue": 33, "option": false}}, {"model": "optionnelles.ue_par_pole", "pk": 82, "fields": {"pole": 21, "ue": 35, "option": false}}, {"model": "optionnelles.ue_par_pole", "pk": 83, "fields": {"pole": 22, "ue": 57, "option": false}}, {"model": "optionnelles.ue_par_pole", "pk": 84, "fields": {"pole": 22, "ue": 52, "option": false}}, {"model": "optionnelles.ue_par_pole", "pk": 85, "fields": {"pole": 22, "ue": 58, "option": false}}, {"model": "optionnelles.ue_par_pole", "pk": 86, "fields": {"pole": 22, "ue": 56, "option": false}}, {"model": "optionnelles.ue_par_pole", "pk": 87, "fields": {"pole": 22, "ue": 59, "option": true}}, {"model": "optionnelles.ue_par_pole", "pk": 88, "fields": {"pole": 22, "ue": 60, "option": true}}, {"model": "optionnelles.ue_par_pole", "pk": 89, "fields": {"pole": 23, "ue": 54, "option": false}}, {"model": "optionnelles.ue_par_pole", "pk": 90, "fields": {"pole": 23, "ue": 44, "option": false}}, {"model": "optionnelles.ue_par_pole", "pk": 91, "fields": {"pole": 23, "ue": 43, "option": false}}, {"model": "optionnelles.ue_par_pole", "pk": 92, "fields": {"pole": 24, "ue": 61, "option": false}}, {"model": "optionnelles.ue_par_pole", "pk": 93, "fields": {"pole": 24, "ue": 62, "option": false}}, {"model": "optionnelles.ue_par_pole", "pk": 94, "fields": {"pole": 24, "ue": 63, "option": false}}, {"model": "optionnelles.ue_par_pole", "pk": 95, "fields": {"pole": 25, "ue": 45, "option": false}}, {"model": "optionnelles.ue_par_pole", "pk": 96, "fields": {"pole": 25, "ue": 46, "option": false}}, {"model": "optionnelles.ue_par_pole", "pk": 97, "fields": {"pole": 26, "ue": 33, "option": false}}, {"model": "optionnelles.ue_par_pole", "pk": 98, "fields": {"pole": 26, "ue": 41, "option": false}}, {"model": "optionnelles.ue_par_pole", "pk": 99, "fields": {"pole": 27, "ue": 64, "option": false}}, {"model": "optionnelles.ue_par_pole", "pk": 100, "fields": {"pole": 27, "ue": 46, "option": false}}, {"model": "optionnelles.ue_par_pole", "pk": 101, "fields": {"pole": 27, "ue": 42, "option": true}}, {"model": "optionnelles.ue_par_pole", "pk": 102, "fields": {"pole": 27, "ue": 48, "option": true}}, {"model": "optionnelles.ue_par_pole", "pk": 103, "fields": {"pole": 27, "ue": 49, "option": true}}, {"model": "optionnelles.ue_par_pole", "pk": 104, "fields": {"pole": 27, "ue": 38, "option": true}}, {"model": "optionnelles.ue_par_pole", "pk": 105, "fields": {"pole": 27, "ue": 39, "option": true}}, {"model": "optionnelles.ue_par_pole", "pk": 106, "fields": {"pole": 27, "ue": 55, "option": true}}, {"model": "optionnelles.ue_par_pole", "pk": 107, "fields": {"pole": 27, "ue": 57, "option": true}}, {"model": "optionnelles.ue_par_pole", "pk": 108, "fields": {"pole": 27, "ue": 59, "option": true}}, {"model": "optionnelles.ue_par_pole", "pk": 109, "fields": {"pole": 27, "ue": 52, "option": true}}, {"model": "optionnelles.ue_par_pole", "pk": 110, "fields": {"pole": 27, "ue": 58, "option": true}}, {"model": "optionnelles.ue_par_pole", "pk": 111, "fields": {"pole": 27, "ue": 56, "option": true}}, {"model": "optionnelles.ue_par_pole", "pk": 112, "fields": {"pole": 27, "ue": 50, "option": true}}, {"model": "optionnelles.ue_par_pole", "pk": 113, "fields": {"pole": 27, "ue": 60, "option": true}}, {"model": "optionnelles.ue_par_pole", "pk": 114, "fields": {"pole": 27, "ue": 51, "option": true}}, {"model": "optionnelles.ue_par_pole", "pk": 115, "fields": {"pole": 27, "ue": 40, "option": true}}, {"model": "optionnelles.ue_par_pole", "pk": 116, "fields": {"pole": 27, "ue": 53, "option": true}}, {"model": "optionnelles.ue_par_pole", "pk": 117, "fields": {"pole": 27, "ue": 31, "option": true}}, {"model": "optionnelles.ue_par_pole", "pk": 118, "fields": {"pole": 27, "ue": 32, "option": true}}, {"model": "optionnelles.ue_par_pole", "pk": 119, "fields": {"pole": 27, "ue": 35, "option": true}}, {"model": "optionnelles.ue_par_pole", "pk": 120, "fields": {"pole": 27, "ue": 36, "option": true}}, {"model": "optionnelles.ue_par_pole", "pk": 121, "fields": {"pole": 27, "ue": 47, "option": true}}, {"model": "optionnelles.ue_par_pole", "pk": 122, "fields": {"pole": 27, "ue": 61, "option": true}}, {"model": "optionnelles.ue_par_pole", "pk": 123, "fields": {"pole": 27, "ue": 62, "option": true}}, {"model": "optionnelles.ue_par_pole", "pk": 124, "fields": {"pole": 27, "ue": 63, "option": true}}, {"model": "optionnelles.ue_par_pole", "pk": 125, "fields": {"pole": 27, "ue": 43, "option": true}}, {"model": "optionnelles.ue_par_pole", "pk": 126, "fields": {"pole": 27, "ue": 54, "option": true}}, {"model": "optionnelles.ue_par_pole", "pk": 127, "fields": {"pole": 27, "ue": 44, "option": true}}, {"model": "optionnelles.statut", "pk": 1, "fields": {"nom": "Vacataire", "nombre_heures": 25}}, {"model": "contenttypes.contenttype", "pk": 1, "fields": {"app_label": "optionnelles", "model": "promotion"}}, {"model": "contenttypes.contenttype", "pk": 2, "fields": {"app_label": "optionnelles", "model": "parcours"}}, {"model": "contenttypes.contenttype", "pk": 3, "fields": {"app_label": "optionnelles", "model": "typepole"}}, {"model": "contenttypes.contenttype", "pk": 4, "fields": {"app_label": "optionnelles", "model": "pole"}}, {"model": "contenttypes.contenttype", "pk": 5, "fields": {"app_label": "optionnelles", "model": "semestre"}}, {"model": "contenttypes.contenttype", "pk": 6, "fields": {"app_label": "optionnelles", "model": "ue"}}, {"model": "contenttypes.contenttype", "pk": 7, "fields": {"app_label": "optionnelles", "model": "ue_par_pole"}}, {"model": "contenttypes.contenttype", "pk": 8, "fields": {"app_label": "optionnelles", "model": "statut"}}, {"model": "contenttypes.contenttype", "pk": 9, "fields": {"app_label": "optionnelles", "model": "professeur"}}, {"model": "contenttypes.contenttype", "pk": 10, "fields": {"app_label": "optionnelles", "model": "professeur_par_ue"}}, {"model": "contenttypes.contenttype", "pk": 11, "fields": {"app_label": "optionnelles", "model": "anneecourante"}}, {"model": "contenttypes.contenttype", "pk": 12, "fields": {"app_label": "optionnelles", "model": "etudiant"}}, {"model": "contenttypes.contenttype", "pk": 13, "fields": {"app_label": "optionnelles", "model": "etudiant_par_ue"}}, {"model": "contenttypes.contenttype", "pk": 14, "fields": {"app_label": "optionnelles", "model": "absence"}}, {"model": "contenttypes.contenttype", "pk": 15, "fields": {"app_label": "admin", "model": "logentry"}}, {"model": "contenttypes.contenttype", "pk": 16, "fields": {"app_label": "auth", "model": "permission"}}, {"model": "contenttypes.contenttype", "pk": 17, "fields": {"app_label": "auth", "model": "group"}}, {"model": "contenttypes.contenttype", "pk": 18, "fields": {"app_label": "auth", "model": "user"}}, {"model": "contenttypes.contenttype", "pk": 19, "fields": {"app_label": "contenttypes", "model": "contenttype"}}, {"model": "contenttypes.contenttype", "pk": 20, "fields": {"app_label": "sessions", "model": "session"}}, {"model": "contenttypes.contenttype", "pk": 21, "fields": {"app_label": "authtoken", "model": "token"}}, {"model": "auth.permission", "pk": 1, "fields": {"name": "Can add promotion", "content_type": 1, "codename": "add_promotion"}}, {"model": "auth.permission", "pk": 2, "fields": {"name": "Can change promotion", "content_type": 1, "codename": "change_promotion"}}, {"model": "auth.permission", "pk": 3, "fields": {"name": "Can delete promotion", "content_type": 1, "codename": "delete_promotion"}}, {"model": "auth.permission", "pk": 4, "fields": {"name": "Can add parcours", "content_type": 2, "codename": "add_parcours"}}, {"model": "auth.permission", "pk": 5, "fields": {"name": "Can change parcours", "content_type": 2, "codename": "change_parcours"}}, {"model": "auth.permission", "pk": 6, "fields": {"name": "Can delete parcours", "content_type": 2, "codename": "delete_parcours"}}, {"model": "auth.permission", "pk": 7, "fields": {"name": "Can add type pole", "content_type": 3, "codename": "add_typepole"}}, {"model": "auth.permission", "pk": 8, "fields": {"name": "Can change type pole", "content_type": 3, "codename": "change_typepole"}}, {"model": "auth.permission", "pk": 9, "fields": {"name": "Can delete type pole", "content_type": 3, "codename": "delete_typepole"}}, {"model": "auth.permission", "pk": 10, "fields": {"name": "Can add pole", "content_type": 4, "codename": "add_pole"}}, {"model": "auth.permission", "pk": 11, "fields": {"name": "Can change pole", "content_type": 4, "codename": "change_pole"}}, {"model": "auth.permission", "pk": 12, "fields": {"name": "Can delete pole", "content_type": 4, "codename": "delete_pole"}}, {"model": "auth.permission", "pk": 13, "fields": {"name": "Can add semestre", "content_type": 5, "codename": "add_semestre"}}, {"model": "auth.permission", "pk": 14, "fields": {"name": "Can change semestre", "content_type": 5, "codename": "change_semestre"}}, {"model": "auth.permission", "pk": 15, "fields": {"name": "Can delete semestre", "content_type": 5, "codename": "delete_semestre"}}, {"model": "auth.permission", "pk": 16, "fields": {"name": "Can add ue", "content_type": 6, "codename": "add_ue"}}, {"model": "auth.permission", "pk": 17, "fields": {"name": "Can change ue", "content_type": 6, "codename": "change_ue"}}, {"model": "auth.permission", "pk": 18, "fields": {"name": "Can delete ue", "content_type": 6, "codename": "delete_ue"}}, {"model": "auth.permission", "pk": 19, "fields": {"name": "Can add u e_par_ pole", "content_type": 7, "codename": "add_ue_par_pole"}}, {"model": "auth.permission", "pk": 20, "fields": {"name": "Can change u e_par_ pole", "content_type": 7, "codename": "change_ue_par_pole"}}, {"model": "auth.permission", "pk": 21, "fields": {"name": "Can delete u e_par_ pole", "content_type": 7, "codename": "delete_ue_par_pole"}}, {"model": "auth.permission", "pk": 22, "fields": {"name": "Can add statut", "content_type": 8, "codename": "add_statut"}}, {"model": "auth.permission", "pk": 23, "fields": {"name": "Can change statut", "content_type": 8, "codename": "change_statut"}}, {"model": "auth.permission", "pk": 24, "fields": {"name": "Can delete statut", "content_type": 8, "codename": "delete_statut"}}, {"model": "auth.permission", "pk": 25, "fields": {"name": "Can add professeur", "content_type": 9, "codename": "add_professeur"}}, {"model": "auth.permission", "pk": 26, "fields": {"name": "Can change professeur", "content_type": 9, "codename": "change_professeur"}}, {"model": "auth.permission", "pk": 27, "fields": {"name": "Can delete professeur", "content_type": 9, "codename": "delete_professeur"}}, {"model": "auth.permission", "pk": 28, "fields": {"name": "Can add professeur_par_ue", "content_type": 10, "codename": "add_professeur_par_ue"}}, {"model": "auth.permission", "pk": 29, "fields": {"name": "Can change professeur_par_ue", "content_type": 10, "codename": "change_professeur_par_ue"}}, {"model": "auth.permission", "pk": 30, "fields": {"name": "Can delete professeur_par_ue", "content_type": 10, "codename": "delete_professeur_par_ue"}}, {"model": "auth.permission", "pk": 31, "fields": {"name": "Can add annee courante", "content_type": 11, "codename": "add_anneecourante"}}, {"model": "auth.permission", "pk": 32, "fields": {"name": "Can change annee courante", "content_type": 11, "codename": "change_anneecourante"}}, {"model": "auth.permission", "pk": 33, "fields": {"name": "Can delete annee courante", "content_type": 11, "codename": "delete_anneecourante"}}, {"model": "auth.permission", "pk": 34, "fields": {"name": "Can add etudiant", "content_type": 12, "codename": "add_etudiant"}}, {"model": "auth.permission", "pk": 35, "fields": {"name": "Can change etudiant", "content_type": 12, "codename": "change_etudiant"}}, {"model": "auth.permission", "pk": 36, "fields": {"name": "Can delete etudiant", "content_type": 12, "codename": "delete_etudiant"}}, {"model": "auth.permission", "pk": 37, "fields": {"name": "Can add etudiant_par_ue", "content_type": 13, "codename": "add_etudiant_par_ue"}}, {"model": "auth.permission", "pk": 38, "fields": {"name": "Can change etudiant_par_ue", "content_type": 13, "codename": "change_etudiant_par_ue"}}, {"model": "auth.permission", "pk": 39, "fields": {"name": "Can delete etudiant_par_ue", "content_type": 13, "codename": "delete_etudiant_par_ue"}}, {"model": "auth.permission", "pk": 40, "fields": {"name": "Can add absence", "content_type": 14, "codename": "add_absence"}}, {"model": "auth.permission", "pk": 41, "fields": {"name": "Can change absence", "content_type": 14, "codename": "change_absence"}}, {"model": "auth.permission", "pk": 42, "fields": {"name": "Can delete absence", "content_type": 14, "codename": "delete_absence"}}, {"model": "auth.permission", "pk": 43, "fields": {"name": "Can add log entry", "content_type": 15, "codename": "add_logentry"}}, {"model": "auth.permission", "pk": 44, "fields": {"name": "Can change log entry", "content_type": 15, "codename": "change_logentry"}}, {"model": "auth.permission", "pk": 45, "fields": {"name": "Can delete log entry", "content_type": 15, "codename": "delete_logentry"}}, {"model": "auth.permission", "pk": 46, "fields": {"name": "Can add permission", "content_type": 16, "codename": "add_permission"}}, {"model": "auth.permission", "pk": 47, "fields": {"name": "Can change permission", "content_type": 16, "codename": "change_permission"}}, {"model": "auth.permission", "pk": 48, "fields": {"name": "Can delete permission", "content_type": 16, "codename": "delete_permission"}}, {"model": "auth.permission", "pk": 49, "fields": {"name": "Can add group", "content_type": 17, "codename": "add_group"}}, {"model": "auth.permission", "pk": 50, "fields": {"name": "Can change group", "content_type": 17, "codename": "change_group"}}, {"model": "auth.permission", "pk": 51, "fields": {"name": "Can delete group", "content_type": 17, "codename": "delete_group"}}, {"model": "auth.permission", "pk": 52, "fields": {"name": "Can add user", "content_type": 18, "codename": "add_user"}}, {"model": "auth.permission", "pk": 53, "fields": {"name": "Can change user", "content_type": 18, "codename": "change_user"}}, {"model": "auth.permission", "pk": 54, "fields": {"name": "Can delete user", "content_type": 18, "codename": "delete_user"}}, {"model": "auth.permission", "pk": 55, "fields": {"name": "Can add content type", "content_type": 19, "codename": "add_contenttype"}}, {"model": "auth.permission", "pk": 56, "fields": {"name": "Can change content type", "content_type": 19, "codename": "change_contenttype"}}, {"model": "auth.permission", "pk": 57, "fields": {"name": "Can delete content type", "content_type": 19, "codename": "delete_contenttype"}}, {"model": "auth.permission", "pk": 58, "fields": {"name": "Can add session", "content_type": 20, "codename": "add_session"}}, {"model": "auth.permission", "pk": 59, "fields": {"name": "Can change session", "content_type": 20, "codename": "change_session"}}, {"model": "auth.permission", "pk": 60, "fields": {"name": "Can delete session", "content_type": 20, "codename": "delete_session"}}, {"model": "auth.permission", "pk": 61, "fields": {"name": "Can add Token", "content_type": 21, "codename": "add_token"}}, {"model": "auth.permission", "pk": 62, "fields": {"name": "Can change Token", "content_type": 21, "codename": "change_token"}}, {"model": "auth.permission", "pk": 63, "fields": {"name": "Can delete Token", "content_type": 21, "codename": "delete_token"}}, {"model": "auth.group", "pk": 1, "fields": {"name": "Etudiant", "permissions": []}}, {"model": "auth.group", "pk": 2, "fields": {"name": "Professeur", "permissions": []}}]